# floodguard_export,shelter_plan_reported_2024.csv
# header_lines,35,"The first 35 lines are provenance and the column header is on line 36. A spreadsheet shows them as rows; in QGIS discard 35 header lines, in pandas use skiprows=35.",35 บรรทัดแรกเป็นข้อมูลกำกับ และหัวคอลัมน์อยู่ที่บรรทัด 36 โปรแกรมตารางคำนวณจะแสดงเป็นแถว ใน QGIS ให้ข้าม 35 บรรทัดแรก
# title,"Shelters reported in use in Mae Sai in September 2024, with a model check of each located site (not an official register)"
# title_th,ที่พักพิงที่มีรายงานว่าใช้ในแม่สายเดือนกันยายน 2567 (2024) พร้อมผลเทียบกับแบบจำลองของสถานที่ที่ระบุตำแหน่งได้ (ไม่ใช่ทะเบียนทางการ)
# tier,"T1 scenario (model) replay of a reconstructed 2024 event for preparedness planning and exercises; illustrative stage keyframes; not a forecast, not an observed closure record, not an official warning; non_operational; accepted_* null"
# tier_th,การย้อนดูสถานการณ์จำลองระดับ T1 (แบบจำลอง) ของเหตุการณ์ปี 2567 (2024) ที่จำลองขึ้นใหม่ เพื่อการวางแผนเตรียมความพร้อมและการฝึกซ้อม ใช้จุดกำหนดระดับน้ำเพื่อการอธิบาย ไม่ใช่การพยากรณ์ ไม่ใช่บันทึกการปิดถนนที่สังเกตได้จริง ไม่ใช่การเตือนภัยอย่างเป็นทางการ ไม่ใช้ในการปฏิบัติการ และไม่มีคะแนนหรือระดับการดำเนินการที่ยอมรับ (accepted_* เป็น null)
# operational_status,non_operational
# confidence_class,low
# confidence_reason,"The tables come from a terrain-model reconstruction with illustrative stages, WorldPop 2020 residents, OpenStreetMap roads and sites, and unverified capacity estimates; nothing was checked on the ground."
# confidence_reason_th,ตารางมาจากการจำลองด้วยแบบจำลองภูมิประเทศและระดับน้ำสมมุติ ผู้อยู่อาศัยตาม WorldPop 2020 ถนนและสถานที่จาก OpenStreetMap และค่าประมาณความจุที่ยังไม่ได้ตรวจสอบ ยังไม่มีการตรวจสอบในพื้นที่
# lanes,"REP, SCN"
# source_timestamp,"reports dated 2024-09-11 to 2024-10-11, compiled 2026-09-27; OpenStreetMap extract 2026-07-09 (locations); reconstructed peak 2024-09-12 ICT (model check)"
# generated_at,2026-10-02T14:33:00+07:00
# generated_by,scripts/build_mae_sai_flood_timeline.py
# study,mae-sai-2024-flood-timeline r4
# accepted,accepted_fpps=null; accepted_action_class=null (no priority score and no action class is computed)
# licence,"ODbL 1.0 (https://opendatacommons.org/licenses/odbl/1-0/): OpenStreetMap-derived, attribution and share-alike"
# licence_th,ODbL 1.0: ดัดแปลงจาก OpenStreetMap ต้องแสดงที่มาและเผยแพร่งานดัดแปลงภายใต้สัญญาอนุญาตเดียวกัน
# attribution,"© OpenStreetMap contributors; FloodGuard desk research of public reporting, sources linked per site; © DLR e.V. 2010-2014 and © Airbus Defence and Space GmbH 2014-2018, provided under COPERNICUS by the European Union and ESA"
# licence_inputs,"OpenStreetMap roads and candidate facilities (Geofabrik extract): ODbL 1.0; Shelters reported in use in September 2024 (FloodGuard desk research): Facts with citations; OSM-derived coordinates © OpenStreetMap contributors (ODbL); Copernicus DEM GLO-30 (tiles N20 E099 and N20 E100): Copernicus DEM licence (free, attribution)"
# not_included,"No HII rain values (CC BY-NC), nothing from a source without a stated licence and nothing from UNOSAT/GISTDA product 4009 is in this file."
# not_included_th,ไฟล์นี้ไม่มีค่าปริมาณฝนของ สสน. (CC BY-NC) ไม่มีข้อมูลจากแหล่งที่ไม่ระบุสัญญาอนุญาต และไม่มีข้อมูลใดจากผลิตภัณฑ์ 4009 ของ UNOSAT/GISTDA
# assumption_1,Reported use compiled by the FloodGuard team from public reporting; not an official register and not independently verified in this study.
# assumption_1_th,การใช้งานตามรายงานที่ทีม FloodGuard รวบรวมจากแหล่งข้อมูลสาธารณะ ไม่ใช่ทะเบียนทางการ และยังไม่ได้ตรวจสอบอย่างอิสระในการศึกษานี้
# assumption_2,"Coordinates are OpenStreetMap matches where possible; low-confidence locations are approximate, and a site without coordinates could not be located."
# assumption_2_th,พิกัดจับคู่กับ OpenStreetMap เท่าที่ทำได้ ตำแหน่งที่มีความเชื่อมั่นต่ำเป็นค่าประมาณ และสถานที่ที่ไม่มีพิกัดคือสถานที่ที่ระบุตำแหน่งไม่ได้
# assumption_3,"Columns starting with modelled_ are a T1 scenario (model) check of the site against the reconstructed peak, not an observation of whether the site flooded."
# assumption_3_th,คอลัมน์ที่ขึ้นต้นด้วย modelled_ เป็นผลเทียบสถานที่กับระดับน้ำสูงสุดที่จำลองขึ้น (สถานการณ์จำลองระดับ T1) ไม่ใช่การสังเกตว่าสถานที่นั้นถูกน้ำท่วมจริงหรือไม่
# assumption_4,Occupancy counts and capacities are left out of this table; the public reports that give them are linked in source_urls.
# assumption_4_th,ตารางนี้ไม่มีจำนวนผู้เข้าพักและความจุ รายงานสาธารณะที่ระบุตัวเลขเหล่านั้นอยู่ในลิงก์ของคอลัมน์ source_urls
# assumption_5,"The water is a HAND terrain-model reconstruction driven by illustrative stage keyframes (no gauge record was used): modelled, not observed."
# assumption_5_th,น้ำเป็นการจำลองจากแบบจำลองภูมิประเทศ HAND ด้วยจุดกำหนดระดับน้ำเพื่อการอธิบาย (ไม่ได้ใช้ข้อมูลจากสถานีวัดน้ำ) เป็นค่าจากแบบจำลอง ไม่ใช่ค่าที่สังเกตได้
# input_receipt,docs/mae_sai_timeline_r4_input_receipt.json lists every input file of the bake with its SHA-256 (also timeline.json input_sha256); input_set_sha256=1ae21d84263d6b75e150c89b2f8029d551ac4d9a3155d6e8da10214170c6df89
# input_sha256,repo:outputs/mae_sai_reported_shelters_2024.json=9865a3db58ec0b6991d85f5d651520838fa67121e7b411dc4b859fc666293f6d; repo:outputs/mae_sai_access_edges.csv=266fd0f662b44b8210fc5ab064eadbb26b822ccb869221c92d666f4b172de454; external:open_context/copernicus_dem_glo30/Copernicus_DSM_COG_10_N20_00_E099_00_DEM.tif=8965f85514b577b4b606c658412bfe3d713c0abf478d237539af309d8edb3757; external:open_context/copernicus_dem_glo30/Copernicus_DSM_COG_10_N20_00_E100_00_DEM.tif=353574d52c8d93f0e650207acf4c9045bcebe02bb956b30ca1596cb2dafa17bf
# git_commit,null: a file cannot hold the hash of the commit that adds it; git log -1 --format=%H -- apps/web/public/studies/mae-sai-2024-timeline/r4/exports/shelter_plan_reported_2024.csv
site_id (รหัสสถานที่),name_th (ชื่อ),name_en (ชื่อภาษาอังกฤษ),type (ประเภท),tambon_as_reported (ตำบลตามรายงาน),lat (ละติจูด),lon (ลองจิจูด),location_method (วิธีระบุตำแหน่ง),location_confidence (ความเชื่อมั่นของตำแหน่ง),role (บทบาท),first_use (วันที่เริ่มใช้ตามรายงาน),counted_in_access_set (นับในชุดการเข้าถึง),access_set_note (เหตุผลที่นับหรือไม่นับ),evidence_strength (น้ำหนักของหลักฐาน),source_urls (ลิงก์แหล่งข้อมูล),modelled_in_model_area (อยู่ในพื้นที่แบบจำลอง),modelled_floods_at_peak (น้ำถึงสถานที่ที่ระดับสูงสุดตามแบบจำลอง),modelled_freeboard_m (ระยะพ้นน้ำตามแบบจำลอง ม.)
R01,ศูนย์พักพิงเทศบาลตำบลแม่สาย (สำนักงานเทศบาลตำบลแม่สาย),Mae Sai Subdistrict Municipality Office shelter and relief centre,government_office,"เวียงพางคำ (the OSM address puts the office in Ban Pa Yang Mai, Wiang Phang Kham; the municipality covers parts of ต.แม่สาย and ต.เวียงพางคำ)",20.4265331,99.8843199,osm_feature,high,shelter,2024-09-15 or earlier,yes,Reported in use by 15 Sep (ICC 9-15 Sep list or earlier reports); exact opening time not modelled.,official,https://www.thaipbs.or.th/news/content/344054 https://www.matichon.co.th/local/news_4785226 https://www.prd.go.th/th/content/category/detail/id/37/iid/323032 https://www.prd.go.th/th/content/page/index/id/323719 https://www.fm91bkk.com/newsarticle/36977 https://nakornchiangrainews.com/flooding-in-chiang-rai-has-affected-14138-rai-of-agricultural-land-and-31-schools/ https://nakornchiangrainews.com/flood-information-in-chiang-rai-9-28-sept-2024-13-dead-3-injured-1-missing/ https://chiangrai.prd.go.th/th/content/category/detail/id/9/iid/331243,yes,no,
R02,ศูนย์พักพิงชั่วคราว วัดพรหมวิหาร,Wat Phrom Wihan temporary shelter,temple,เวียงพางคำ,20.4266647,99.8799546,osm_feature,high,shelter,2024-09-15 or earlier,yes,Reported in use by 15 Sep (ICC 9-15 Sep list or earlier reports); exact opening time not modelled.,official,https://www.prd.go.th/th/content/category/detail/id/39/iid/323789 https://mgronline.com/politics/detail/9670000085226 https://www.thaipbs.or.th/news/content/344054 https://www.fm91bkk.com/newsarticle/36977 https://nakornchiangrainews.com/flooding-in-chiang-rai-has-affected-14138-rai-of-agricultural-land-and-31-schools/ https://www.nationthailand.com/blogs/news/general/40041887,yes,no,
R03,ศูนย์พักพิงวัดถ้ำผาจม,Wat Tham Pha Chom shelter,temple,เวียงพางคำ,20.4418139,99.8734839,osm_feature,high,shelter,2024-09-15 or earlier,yes,Reported in use by 15 Sep (ICC 9-15 Sep list or earlier reports); exact opening time not modelled.,official,https://www.fm91bkk.com/newsarticle/36977 https://www.matichon.co.th/region/news_4805509 https://www.voanews.com/a/deadly-thai-floods-intensified-by-climate-change-la-ni%C3%B1a-displace-150-000-families/7799976.html https://www.naewna.com/entertain/832096 https://chiangrai.prd.go.th/th/content/category/detail/id/9/iid/331243,yes,no,
R04,ศูนย์พักพิงวัดเหมืองแดง,Wat Mueang Daeng shelter,temple,"แม่สาย (Moo 2, per DDPM and DMC.tv. Nominatim labels the point เวียงพางคำ, but that tag comes from OSM admin data and is unreliable here.)",20.4374279,99.8922898,osm_feature,high,shelter,2024-09-21,no,The temple was itself flooded and evacuated at the peak; it served as a shelter from 21 Sep.,official,https://www.prd.go.th/th/content/category/detail/id/37/iid/323308 https://nakornchiangrainews.com/flooding-in-chiang-rai-has-affected-14138-rai-of-agricultural-land-and-31-schools/ https://nakornchiangrainews.com/flood-information-in-chiang-rai-9-28-sept-2024-13-dead-3-injured-1-missing/ https://chiangrai.prd.go.th/th/content/category/detail/id/9/iid/331243,yes,no,3.85
R05,ที่ว่าการอำเภอแม่สาย (ศูนย์บัญชาการเหตุการณ์ฯ / โรงครัว),Mae Sai District Office (incident command centre and relief kitchens),government_office,เวียงพางคำ,20.4281122,99.8832196,osm_feature,high,relief_command_centre,2024-09-11,no,Incident command centre and relief kitchens; not a documented overnight shelter in Sep 2024.,official,https://chiangrai.prd.go.th/th/content/category/detail/id/9/iid/323590 https://www.naewna.com/relation/828564 https://nakornchiangrainews.com/flooding-in-chiang-rai-has-affected-14138-rai-of-agricultural-land-and-31-schools/,yes,no,
R06,ศูนย์พักพิงเทศบาลตำบลแม่สายมิตรภาพ,Mae Sai Mittraphap Subdistrict Municipality shelter,government_office,"แม่สาย (the office is at Moo 9 Ban San Sai, ต.แม่สาย, per the municipality website)",20.4400387,99.9134634,approximate_from_description,low,shelter,2024-09-15 or earlier,yes,Reported in use by 15 Sep (ICC 9-15 Sep list or earlier reports); exact opening time not modelled.,multiple_media,https://www.fm91bkk.com/newsarticle/36977 https://nakornchiangrainews.com/summary-of-flooding-over-7-days-in-chiang-rai-province-53209-households-affected/ https://www.maesaimittraphap.go.th/main.php?type=1,yes,no,2.7
R07,ศูนย์พักพิงวัดน้ำจำ,Wat Nam Cham shelter,temple,โป่งผา,20.3866708,99.886613,osm_feature,high,shelter,2024-09-15 or earlier,yes,Reported in use by 15 Sep (ICC 9-15 Sep list or earlier reports); exact opening time not modelled.,multiple_media,https://www.fm91bkk.com/newsarticle/36977 https://nakornchiangrainews.com/summary-of-flooding-over-7-days-in-chiang-rai-province-53209-households-affected/,yes,no,
R08,ศูนย์พักพิงหอประชุม อบต.โป่งผา,Pong Pha SAO assembly hall shelter,stadium_or_hall,โป่งผา,20.3785453,99.8852323,osm_feature,medium,shelter,2024-09-15 or earlier,yes,Reported in use by 15 Sep (ICC 9-15 Sep list or earlier reports); exact opening time not modelled.,multiple_media,https://www.fm91bkk.com/newsarticle/36977 https://nakornchiangrainews.com/summary-of-flooding-over-7-days-in-chiang-rai-province-53209-households-affected/,yes,no,
R09,ศูนย์พักพิง รพ.สต.เกาะช้าง,Ko Chang Subdistrict Health Promoting Hospital shelter,hospital,เกาะช้าง,,,unknown,low,shelter,2024-09-15 or earlier,yes,Reported in use by 15 Sep (ICC 9-15 Sep list or earlier reports); exact opening time not modelled.,multiple_media,https://www.fm91bkk.com/newsarticle/36977 https://nakornchiangrainews.com/summary-of-flooding-over-7-days-in-chiang-rai-province-53209-households-affected/ https://healthserv.net/%E0%B8%A3%E0%B8%9E%E0%B8%AA%E0%B8%95-%E0%B8%95%E0%B8%B3%E0%B8%9A%E0%B8%A5%E0%B9%80%E0%B8%81%E0%B8%B2%E0%B8%B0%E0%B8%8A%E0%B9%89%E0%B8%B2%E0%B8%87-%E0%B9%80%E0%B8%8A%E0%B8%B5%E0%B8%A2%E0%B8%87%E0%B8%A3%E0%B8%B2%E0%B8%A2-hospd202936,,,
R10,ศูนย์พักพิงวัดมงคลธรรมกายาราม,Wat Mongkhon Thammakayaram shelter,temple,โป่งงาม,20.3256,99.892,osm_feature,high,shelter,2024-09-15 or earlier,yes,Reported in use by 15 Sep (ICC 9-15 Sep list or earlier reports); exact opening time not modelled.,multiple_media,https://www.fm91bkk.com/newsarticle/36977 https://nakornchiangrainews.com/summary-of-flooding-over-7-days-in-chiang-rai-province-53209-households-affected/ https://www.dmc.tv/wat/26208,yes,no,
R11,ศูนย์พักพิงวัดเจติยาราม / วัดสันธาตุ,Wat Chetiyaram (Wat San That) shelter,temple,ศรีเมืองชุม,20.3677273,99.9674018,osm_feature,high,shelter,2024-09-15 or earlier,yes,Reported in use by 15 Sep (ICC 9-15 Sep list or earlier reports); exact opening time not modelled.,multiple_media,https://www.fm91bkk.com/newsarticle/36977 https://nakornchiangrainews.com/summary-of-flooding-over-7-days-in-chiang-rai-province-53209-households-affected/ https://www.sangkhatikan.com/wat_view.php?ID=%E0%B8%A7%E0%B8%B1%E0%B8%94%E0%B9%80%E0%B8%88%E0%B8%95%E0%B8%B4%E0%B8%A2%E0%B8%B2%E0%B8%A3%E0%B8%B2%E0%B8%A1+(%E0%B8%8A%E0%B8%A3.) https://www.srimueangchum.go.th/main.php?id=1,yes,no,4.77
R12,ศูนย์พักพิงวัดหิรัญญาวาส,Wat Hiranyawat shelter,temple,เกาะช้าง,20.428004,99.943898,official_listing_coordinates,medium,shelter,2024-09-15 or earlier,yes,Reported in use by 15 Sep (ICC 9-15 Sep list or earlier reports); exact opening time not modelled.,multiple_media,https://www.fm91bkk.com/newsarticle/36977 https://nakornchiangrainews.com/summary-of-flooding-over-7-days-in-chiang-rai-province-53209-households-affected/ https://culturalenvi.onep.go.th/site/detail/6105,yes,no,
R13,ศูนย์พักพิงวัดป่าซางงาม,Wat Pa Sang Ngam shelter,temple,เกาะช้าง,,,unknown,low,shelter,2024-09-15 or earlier,yes,Reported in use by 15 Sep (ICC 9-15 Sep list or earlier reports); exact opening time not modelled.,multiple_media,https://www.fm91bkk.com/newsarticle/36977 https://nakornchiangrainews.com/summary-of-flooding-over-7-days-in-chiang-rai-province-53209-households-affected/,,,
R14,ศูนย์พักพิงวัดป่าแดง,Wat Pa Daeng shelter,temple,เกาะช้าง (probable),,,unknown,low,shelter,2024-09-15 or earlier,yes,Reported in use by 15 Sep (ICC 9-15 Sep list or earlier reports); exact opening time not modelled.,multiple_media,https://www.fm91bkk.com/newsarticle/36977 https://nakornchiangrainews.com/summary-of-flooding-over-7-days-in-chiang-rai-province-53209-households-affected/,,,
R15,ศูนย์พักพิงบ้านป่าแดง,Ban Pa Daeng (village) shelter,other,เกาะช้าง (probable),20.4396879,99.9551471,approximate_from_description,low,shelter,2024-09-15 or earlier,yes,Reported in use by 15 Sep (ICC 9-15 Sep list or earlier reports); exact opening time not modelled.,multiple_media,https://www.fm91bkk.com/newsarticle/36977 https://nakornchiangrainews.com/summary-of-flooding-over-7-days-in-chiang-rai-province-53209-households-affected/,yes,no,
R16,ศูนย์พักพิงโบสถ์คริสต์บ้านผาฮี้ (15 ก.ย. ระบุเพียง 'โบสถ์คริสต์'),"Christian church shelter, Ban Pha Hi",other,"โป่งงาม (Ban Pha Hi is Moo 10, ต.โป่งงาม, per the Pong Ngam SAO gallery page title)",20.3613384,99.8321376,approximate_from_description,low,shelter,2024-09-15 or earlier,yes,Reported in use by 15 Sep (ICC 9-15 Sep list or earlier reports); exact opening time not modelled.,single_media,https://nakornchiangrainews.com/flooding-in-chiang-rai-has-affected-14138-rai-of-agricultural-land-and-31-schools/ https://www.fm91bkk.com/newsarticle/36977,yes,no,
R17,ศูนย์พักพิงบ้านสันหลวงใต้,Ban San Luang Tai (village) shelter,other,"เกาะช้าง (probable, like Ban San Luang)",,,unknown,low,shelter,2024-09-15 or earlier,yes,Reported in use by 15 Sep (ICC 9-15 Sep list or earlier reports); exact opening time not modelled.,multiple_media,https://www.fm91bkk.com/newsarticle/36977 https://nakornchiangrainews.com/summary-of-flooding-over-7-days-in-chiang-rai-province-53209-households-affected/,,,
R18,ศูนย์พักพิงวัดสันหลวง,Wat San Luang shelter,temple,เกาะช้าง,20.4097369,99.9675875,approximate_from_description,low,shelter,2024-09-15 or earlier,yes,Reported in use by 15 Sep (ICC 9-15 Sep list or earlier reports); exact opening time not modelled.,multiple_media,https://www.fm91bkk.com/newsarticle/36977 https://nakornchiangrainews.com/summary-of-flooding-over-7-days-in-chiang-rai-province-53209-households-affected/,yes,no,7.25
R19,ศูนย์พักพิงบ้านเอื้ออาทรแม่สาย 1 (ในความดูแลของกระทรวง พม.),"Baan Ua-Arthorn Mae Sai 1 housing project shelter (Ministry of Social Development and Human Security, MSDHS)",other,โป่งผา,20.382234,99.900292,geocoded_address,low,shelter,2024-09-14,no,"Prepared as a shelter for vulnerable groups by 14 Sep, after the peak.",multiple_media,https://www.thaipbs.or.th/news/content/344197 https://nakornchiangrainews.com/flooding-in-chiang-rai-has-affected-14138-rai-of-agricultural-land-and-31-schools/,yes,no,
