id,milestones,proposal_requirements,judging_weight_percent,topic,pass_criterion,required_evidence,status,receipt,last_verified_sha,implementation_path,test,review_decision,owner,remaining_blocker
AC01,M0,"R01,R30",All,Source and workspace,Current remote/ref/worktree/AGENTS status recorded; ordinary checkout and unrelated dirt preserved.,Git state and baseline drift receipt,PASS,Project Support/FloodGuard/execution/2026-09-23/public-source-inventory.json,,docs/proposal_execution/STATUS.md; scripts/verify_public_source_inventory.py,All 34 handoff SHA entries; 23 manifest entries; 15 baseline blobs; 363 public source files verified,,Implementation lead; independent authority where required,
AC02,M0,"R01,R40",25,Claim registry,"Every headline identifies package, role, scope and source; stale comparators explicitly separate.",Claim-to-source registry,PARTIAL,,,docs/proposal_execution/CLAIMS.md,,Independent scientific/product acceptance not granted,Implementation lead; independent authority where required,Update numbers and identities if case packages are rebuilt; final release claim freeze pending.
AC03,M1,"R01,R39",35,Immutable source identity,"Reopen input bytes, verify hashes, parents and dates; reject unsafe paths, swapped bytes and mixed contexts.",Source verification and adversarial tests,PARTIAL,Project Support/FloodGuard/execution/2026-09-23/public-source-inventory.json,,scripts/verify_public_source_inventory.py; scripts/build_public_case_projections.py,5 source-inventory/projection tests; current external source inventory hash pass,Independent scientific/product acceptance not granted,Implementation lead; independent authority where required,New active processing and accepted chain need final package/hash/adversarial audit.
AC04,M1,"R04,R39",35,Purpose permissions,Each use purpose has exact support or unresolved status; source processing never implies labels/validation/publication.,Rights/purpose matrix with supporting documents,PARTIAL,,,docs/proposal_execution/SOURCES_AND_RIGHTS.md; docs/proposal_execution/REVIEW_PACKAGE.md,,Independent scientific/product acceptance not granted,Implementation lead; independent authority where required,Product-specific derivative and reference validation/ML rights remain unresolved.
AC05,M1,"R04,R10,R13,R14",All,Public acquisition,Bounded attempts and alternatives logged; missing data retained; no private export dependency.,Gap register,PARTIAL,Project Support/FloodGuard/open-data/2026-09-23-worldpop-age-2024-r2025a-1km-ua/acquisition_manifest.json,,scripts/acquire_worldpop_age.py; docs/proposal_execution/SOURCES_AND_RIGHTS.md,Official exact-year 2024 and 2025 1km_ua 20-band acquisition manifests PASS; separate 100m attempt partial,Independent scientific/product acceptance not granted,Implementation lead; independent authority where required,100 m age attempt incomplete; no private export dependency. Product-specific hosted derivative rights and source suitability still need review.
AC06,M2,"R02,R08",35,Actual preprocessing,"SAFE/orbit/DEM/auxiliary/version/grid identities bound; actual Gamma0/Sigma0, speckle and datum decisions documented.",Processing receipt and QA maps,PARTIAL,FloodGuard_external_data/proposal_execution/mae_sai_2024_gamma0_otsu_v1_20260923r3/candidate_receipt.json,,docs/proposal_execution/geoai_method.md; resources/snap/sentinel1_grd_rtc_v1.xml,original SAFE/DEM rehashed; existing July SNAP receipts reopened,Independent scientific/product acceptance not granted,Implementation lead; independent authority where required,Physical Gamma0 path differs from literal Sigma0/speckle proposal; no new accepted observation.
AC07,M2,"R02,R03",35,Geometric/radiometric QC,"Alignment residuals, validity, nodata/zero elevation, terrain/urban/permanent-water effects inspected.",QA measurements and exclusions,PARTIAL,FloodGuard_external_data/proposal_execution/mae_sai_2024_gamma0_otsu_v1_20260923r3/candidate_receipt.json,,docs/proposal_execution/geoai_method.md; src/floodguard/label_factory/sentinel1_processing.py,registration residual 0.138392 pixel over 50 windows; 81-window abstention; lowland DEM unresolved,Independent scientific/product acceptance not granted,Implementation lead; independent authority where required,DEM EGM96/EGM2008 approximation and zero-value lowland issue; no independent geodetic truth.
AC08,M2,R03,35,Threshold baseline,Adaptive threshold parameters and failure behavior prespecified; no outcome-driven road/population tuning.,Threshold method configuration and sparse/unimodal tests,PASS,FloodGuard_external_data/proposal_execution/mae_sai_2024_gamma0_otsu_v1_20260923r3/candidate_receipt.json,,src/floodguard/label_factory/sentinel1_processing.py; scripts/build_sentinel1_threshold_baseline.py,targeted threshold tests; 81/81 real windows abstained under frozen exploratory rule,,Implementation lead; independent authority where required,
AC09,"M2,M3","R04,R09","40,35",Observation meaning,UTC/local dates and footprint explicit; unobserved/invalid/dry/empty distinct; September question not inferred from October.,Observation contract and spatial/temporal tests,PARTIAL,,,docs/proposal_execution/geoai_method.md; docs/proposal_execution/CLAIMS.md,pre/post UTC 3/15 September and footprint/abstention documented,Independent scientific/product acceptance not granted,Implementation lead; independent authority where required,No September-only independent flood reference; candidate abstention and prior amplitude comparator distinct.
AC10,M3,"R04,R05",35,Independent reference,"Exact purpose, timing, coverage, independence and rights qualified; human review real and attributable if used.",Qualified reference/review chain or precise blocker,BLOCKED,,,docs/proposal_execution/REVIEW_PACKAGE.md; docs/proposal_execution/UNRESOLVED.md,,Independent scientific/product acceptance not granted,Implementation lead; independent authority where required,Named Reference Authority/source and independent reviewers with exact-purpose rights not yet supplied.
AC11,"M3,M11","R05,R06,R07",35,Partition/custody authority,"Five qualified independent events, four roles and real custody required by existing real programme; synthetic fixtures cannot seal it.",Loader/custody tests and actual signed evidence when supplied,BLOCKED,,,src/floodguard/label_factory/multi_event_preflight.py; docs/proposal_execution/ml_authorization.md,synthetic file-backed preflight tests only; no real custody,Independent scientific/product acceptance not granted,Implementation lead; independent authority where required,"No five independent qualified real events, four-role partition assignments or real custody keys."
AC12,"M3,M11","R05,R24",35,Frozen evaluation,Metrics/strata/selection/calibration/acceptance criteria predeclared by proper reviewers; final holdout opened only as authorized.,Signed plan and opening/consumption receipt,BLOCKED,,,src/floodguard/label_factory/holdout_opening.py; docs/proposal_execution/ml_authorization.md,synthetic Ed25519 replay/expiry tests only; no real holdout opening,Independent scientific/product acceptance not granted,Implementation lead; independent authority where required,"No independent frozen plan, acceptance thresholds or authorized holdout opening."
AC13,M11,"R06,R07",35,Model-family contract,Existing three-model family contract preserved or explicitly versioned/approved; no backdoor experiment.,Method decision and contract compatibility tests,PARTIAL,Project Support/FloodGuard/execution/2026-09-23/proposal-release-staging-v1/qa/geoai-research-resolved-py312.txt,,docs/proposal_execution/ml_authorization.md; src/floodguard/label_factory/multi_event_preflight.py,Existing synthetic family/preflight tests only; frozen optional dry-run 292 packages and research Python 3.12 compile 293 pins PASS with no install/experiment,Independent scientific/product acceptance not granted,Implementation lead; independent authority where required,"Real model-family method decision, qualified events and independent authorization absent; resolution is not an experiment."
AC14,M11,"R06,R07","35,40",Useful GeoAI comparison,"Eligible models compared on frozen observation and downstream outcomes, calibration/coverage and compute; weakest model may be rejected.","Model cards, metrics, runtime and report-only selection",BLOCKED,,,docs/proposal_execution/ml_authorization.md,,Independent scientific/product acceptance not granted,Implementation lead; independent authority where required,Five-event authorization/qualified holdout absent; no learned run or downstream comparison.
AC15,"M3,M7","R20,R22",35,Separate downstream acceptance,Qualified labels/evaluation or candidate selection alone cannot populate accepted decisions.,Downstream receipt validation and negative tests,BLOCKED,,,docs/proposal_execution/REVIEW_PACKAGE.md; docs/proposal_execution/scoring_sensitivity.md,,Independent scientific/product acceptance not granted,Implementation lead; independent authority where required,Separate downstream acceptance receipt and five qualified FPPS components absent.
AC16,M4,"R11,R12",40,Consequential topology,"Review high-demand cuts/components, grade/border/barrier effects; corrections evidence-backed with before/after population reconciliation.",Connectivity review and graph tests,PARTIAL,,,docs/proposal_execution/lower_basin_context.md; docs/proposal_execution/lower_basin_release_path.md,"lower-basin 5/10/15 km comparison and Hat Yai closure stress, not link review",Independent scientific/product acceptance not granted,Implementation lead; independent authority where required,Consequential topology/grade/cut/entrance decisions not yet reviewed in rebuilt case packages.
AC17,M4,"R13,R14",40,Facility semantics,"Identity, role, location, entrance, effective period and capacity supported separately; pharmacies never satisfy hospital/shelter.",Facility register and service-filter tests,PARTIAL,Project Support/FloodGuard/execution/2026-09-23/proposal-release-staging-v1/study_finals/aoi-05_chao_phraya_bang_ban_sena/hospital_duplicate_review.json; Project Support/FloodGuard/execution/2026-09-23/proposal-release-staging-v1/study_finals/aoi-06_chao_phraya_rangsit/hospital_duplicate_review.json,,docs/proposal_execution/lower_basin_context.md; docs/proposal_execution/UNRESOLVED.md,10 km OSM hospital-object identity review is bound to corrected finals; not a service-capability verification,Independent scientific/product acceptance not granted,Implementation lead; independent authority where required,"Dated operation, role, surveyed entrance and usable capacity missing for facilities."
AC18,M4,"R12,R15",40,Mode and target service,Walking/vehicle/main-road service definitions explicit; connector rules and unsupported restrictions disclosed.,Service/mode contract and reachability tests,PARTIAL,Project Support/FloodGuard/execution/2026-09-23/proposal-release-staging-v1/study_finals/aoi-05_chao_phraya_bang_ban_sena/build_receipt.json; Project Support/FloodGuard/execution/2026-09-23/proposal-release-staging-v1/study_finals/aoi-06_chao_phraya_rangsit/build_receipt.json,,src/floodguard/access.py; docs/proposal_execution/lower_basin_context.md,Corrected AOI-05/06 finals bind separate walking and modelled-vehicle context hashes and original demand roster,Independent scientific/product acceptance not granted,Implementation lead; independent authority where required,"Mode contexts are computed; restrictions, destination/connector validation and separate main-road acceptance remain."
AC19,"M4,M10","R12,R32",40,Routing context convergence,Expand context without expanding reporting demand; nearby source objects deduplicated; exclusions and boundary effects measured.,Context sensitivity and destination inventory,PARTIAL,Project Support/FloodGuard/execution/2026-09-23/proposal-release-staging-v1/study_finals/aoi-05_chao_phraya_bang_ban_sena/build_receipt.json; Project Support/FloodGuard/execution/2026-09-23/proposal-release-staging-v1/study_finals/aoi-06_chao_phraya_rangsit/build_receipt.json; Project Support/FloodGuard/execution/2026-09-23/proposal-release-staging-v1/qa/rebuilt-export-verification-v4.json; Project Support/FloodGuard/execution/2026-09-23/proposal-release-staging-v1/qa/repository-public-copy-receipt.json,,scripts/compare_lower_basin_context.py; docs/proposal_execution/lower_basin_release_path.md,"Fixed 20,677/17,083 demand cells; corrected 10 km two-mode finals; independent export verifier and 24/24 repository copy PASS",Independent scientific/product acceptance not granted,Implementation lead; independent authority where required,"Context convergence computation passed; consequential connector, grade and service review pending."
AC20,"M4,M7","R11,R12",40,Disruption meaning,Flood overlap is an imposed closure/penalty unless dated observations support closure; bridges and outside-footprint assumptions visible.,Road evidence/closure manifest,PARTIAL,,,docs/proposal_execution/hat_yai_transfer.md; docs/proposal_execution/lower_basin_context.md,Hat Yai any/20m/50m closure sensitivity; no observed passability,Independent scientific/product acceptance not granted,Implementation lead; independent authority where required,Flood intersection is modelled closure; bridge passability/unknown outside footprint not observed.
AC21,M5,"R09,R10","40,35",Compatible population,"Year, age bands, codes, registration basis and spatial level reconciled; modeled allocations labelled.",Population manifest/crosswalk/quality findings,PARTIAL,Project Support/FloodGuard/execution/2026-09-23/worldpop-age-mae-sai-2024-1km-v1/age_review.json; Project Support/FloodGuard/research-runs/2026-09-23-mae-sai-age-access-v2/run_receipt.json,,scripts/build_worldpop_age_review.py; src/floodguard/evidence_age_surface.py; scripts/bridge_worldpop_age_access.py; docs/proposal_execution/mae_sai_age_access_sensitivity.md,2024/2025 1km 20-band sources verified; Mae Sai age bridge/equity/surface: 23 passed,Independent scientific/product acceptance not granted,Implementation lead; independent authority where required,"Mixed-vintage 2024 ages on 2020 routing nodes is scenario only; compatible measured controls, rights and historical access unavailable."
AC22,M5,"R09,R10","40,35",Mass conservation,Whole-unit controls applied before clipping; zero support and unknown coverage not invented; counts conserve across partitions.,Mass-balance tests and coverage table,PARTIAL,Project Support/FloodGuard/execution/2026-09-23/worldpop-age-mae-sai-2024-1km-v1/age_review.json; Project Support/FloodGuard/research-runs/2026-09-23-mae-sai-age-access-v2/source_cell_ledger.json,,src/floodguard/evidence_age_surface.py; docs/proposal_execution/SOURCES_AND_RIGHTS.md; scripts/bridge_worldpop_age_access.py,"Projected fractional cell allocation, unsupported mass and unallocated mass tracked; 23 bridge/equity/surface tests passed",Independent scientific/product acceptance not granted,Implementation lead; independent authority where required,"Scenario conservation is checked, but 4.0958 km2 selected intersection lacks common valid age support and accepted controls/coverage decision is absent."
AC23,M5,"R16,R17","40,35",Equity mathematics,Full-precision rates; difference in percentage points; zero comparison rate -> null ratio; valid both-zero difference=0.,Formula tests and consumer migration,PASS,,,src/floodguard/equity.py; tests/test_equity.py,equity v2 targeted suite: 45 passed,,Implementation lead; independent authority where required,
AC24,M5,"R16,R17",35,Equity edge cases,Nonfinite/negative/impossible counts rejected; group definitions and denominators explicit; unknown-access counts and partial-coverage bounds shown; accepted comparison needs declared coverage; reasons persist.,Edge-case tests and JSON/UI/export round trips,PASS,Project Support/FloodGuard/research-runs/2026-09-23-mae-sai-age-access-v2/age_access_sensitivity.json,,src/floodguard/equity.py; tests/test_equity.py; scripts/bridge_worldpop_age_access.py; docs/proposal_execution/mae_sai_age_access_sensitivity.md,"23 bridge/equity/surface tests passed; full precision, null 0/0 ratios, missing-access bounds",,Implementation lead; independent authority where required,
AC25,M6,R19,40,Demand basis,Residential/exposed/participation/reachable/assigned populations distinct and scenario/site identities match access example.,Demand specification and reconciliation,PARTIAL,,,src/floodguard/evidence_scenarios.py; docs/proposal_execution/2sfca_method.md,hypothetical allocation/2SFCA fixtures only,Independent scientific/product acceptance not granted,Implementation lead; independent authority where required,"Real participation, service role, accessible demand and site capacities not established."
AC26,M6,R19,35,Capacity conservation,Maximum flow has no shared-demand double count; known zero vs unknown capacity distinguished; all unmet/excluded categories reconcile.,Allocation tests and scenario report,PARTIAL,,,src/floodguard/evidence_scenarios.py; docs/proposal_execution/2sfca_method.md,maximum-flow conservation fixtures; no verified capacity,Independent scientific/product acceptance not granted,Implementation lead; independent authority where required,Real known/unknown capacity audit and event shelter allocation not supplied.
AC27,M6,R18,"35,40",Conditional 2SFCA,Separate catchment supply-demand measure with stated units/threshold/status; not renamed allocation; eligibility passes or deferred.,2SFCA tests/comparison or documented conditional blocker,PARTIAL,,,src/floodguard/two_step_access.py; docs/proposal_execution/2sfca_method.md,tests/test_two_step_access.py: 13 passed,Independent scientific/product acceptance not granted,Implementation lead; independent authority where required,Only hypothetical one-service 2SFCA; real dated eligible supply absent.
AC28,M7,R20,"40,35",FPPS semantics,Every component normalized with declared frame/denominator/rights; no binary extent renamed likelihood or hidden missing-input reweighting.,Component specification and assessment tests,BLOCKED,,,src/floodguard/scoring.py; docs/proposal_execution/scoring_sensitivity.md,,Independent scientific/product acceptance not granted,Implementation lead; independent authority where required,"Calibrated likelihood/vulnerability, normalization frame, rights and downstream acceptance absent."
AC29,M7,"R21,R22",35,Class and weight policy,Default weights/order/thresholds unchanged; low-confidence E; requested/normalized scenario weights and rank changes explicit.,Boundary/regression and weight tests,PASS,,,src/floodguard/scoring.py; scripts/scoring_sensitivity.py,tests/test_scoring_sensitivity.py: 14 passed; exact class/low-confidence E,,Implementation lead; independent authority where required,
AC30,M7,"R23,R24","40,35",Joint sensitivity,Bounded prespecified axes yield rank/class/equity/access ranges and dominant assumption; extrema not called confidence intervals.,Sensitivity receipt and stability report,PARTIAL,Project Support/FloodGuard/execution/2026-09-23/mae-sai-scoring-sensitivity-v1,,scripts/scoring_sensitivity.py; docs/proposal_execution/scoring_sensitivity.md; docs/proposal_execution/mae_sai_age_access_sensitivity.md,two-mode Mae Sai fixed finite stress; scenario ranges only; separate source-bound age missing-access intervals include zero,Independent scientific/product acceptance not granted,Implementation lead; independent authority where required,"Stress is bounded scenario ensemble, not joint calibrated uncertainty; age/equity uncertainty not yet integrated."
AC31,M7,"R12,R37",40,Intervention usefulness,"Fixed plausible shortlist and selection rule; report baseline inaccessible, new threshold losses, route loss and finite-route delay denominators.",Intervention result and selection rationale,PARTIAL,,,docs/proposal_execution/scoring_sensitivity.md; docs/proposal_execution/hat_yai_transfer.md,,Independent scientific/product acceptance not granted,Implementation lead; independent authority where required,Plausible fixed intervention shortlist and reviewer-approved selection rule/denominators pending.
AC32,M8,"R25,R26,R27",All,Main-surface integration,"Main Public/Planning/Studio receive consistent role projections, not links only; existing research subroutes preserved.",Architecture mapping and cross-surface tests,PASS,apps/web/public/public-case-projections/catalog.json; Project Support/FloodGuard/execution/2026-09-23/proposal-release-staging-v1/qa/cleanup-live-577500c1/live-preview-qa.json; Project Support/FloodGuard/execution/2026-09-23/proposal-release-staging-v1/qa/cleanup-live-577500c1/cleanup-release-receipt.json,577500c1bb31d67424984153028c6fbecb99f068,apps/web/src/app/public/page.tsx; apps/web/src/app/command/page.tsx; apps/web/src/app/studio/page.tsx,Exact-code pnpm verify:frontend PASS (343 web/9 contracts/17 assets); bounded browser 64 briefs/32 shared/33 deep routes/16 workspaces; live Hat Yai Planning-to-Studio identity retained; 10/10 anonymous routes HTTP 200.,Technical cross-role integration PASS; independent scientific/downstream acceptance remains separate.,Implementation lead; independent authority where required,
AC33,M8,"R20,R22,R29",35,Versioned evidence contracts,Candidate v1 invariants remain; accepted pathway requires full downstream chain and cannot borrow context/permission.,Discriminated schema/adapter and negative tests,PARTIAL,,,scripts/build_public_case_projections.py; apps/web/public/public-case-projections/catalog.json,,Independent scientific/product acceptance not granted,Implementation lead; independent authority where required,Candidate contracts preserved; explicit accepted path cannot be exercised without downstream receipt.
AC34,M8,"R25,R39","25,35",Public safe projection,Actual public output excludes private/restricted fields and unverified shelters; a compact main Public entry leads to competition-only /public-cases/ candidate detail; public-production research module/data exclusions remain.,Build/export/asset inspection receipt,PARTIAL,Project Support/FloodGuard/execution/2026-09-23/proposal-release-staging-v1/qa/cleanup-live-577500c1/cleanup-release-receipt.json; Project Support/FloodGuard/execution/2026-09-23/proposal-release-staging-v1/qa/cleanup-live-577500c1/live-preview-qa.json,,scripts/build_public_case_projections.py; apps/web/scripts/profile-artifact-smoke.mjs,Exact-code public-production/competition profile and export checks PASS; public-production has zero proposal evidence assets; competition Public has compact study-case entry and /public-cases/ detail; live 10/10 routes HTTP 200.,,Implementation lead; independent authority where required,Product-specific derivative-rights and independent publication sign-off remain pending; technical profile PASS does not grant these.
AC35,M8,"R25,R26,R27",25,Context continuity,Case/event/service/mode/scenario/origin where supported survive navigation/reload/back; invalid context has explicit unavailable state.,Deep-link and browser journey tests,PASS,Project Support/FloodGuard/execution/2026-09-23/proposal-release-staging-v1/qa/cleanup-live-577500c1/live-preview-qa.json; Project Support/FloodGuard/execution/2026-09-23/proposal-release-staging-v1/qa/cleanup-live-577500c1/cleanup-release-receipt.json,577500c1bb31d67424984153028c6fbecb99f068,apps/web/src/app/public/page.tsx; apps/web/src/app/command/page.tsx; apps/web/src/app/studio/page.tsx,"Exact-code bounded browser exercised version/scenario/invalid links, reload/back and case-aware routes; live Hat Yai Planning-to-Studio link retained aoi/event/version; offline cached routes passed.",Technical context-continuity PASS; unavailable combinations remain explicit.,Implementation lead; independent authority where required,
AC36,M8,"R25,R28",25,Metadata-driven language,"Thai-first Public, user preference retained, dates/year/units/status sourced from metadata; no stale hard-coded vintages.",Thai/English content and state tests,PASS,Project Support/FloodGuard/execution/2026-09-23/proposal-release-staging-v1/qa/cleanup-live-577500c1/live-preview-qa.json; Project Support/FloodGuard/execution/2026-09-23/proposal-release-staging-v1/qa/cleanup-live-577500c1/cleanup-release-receipt.json,577500c1bb31d67424984153028c6fbecb99f068,apps/web/src/app/public/page.tsx; apps/web/src/app/command/page.tsx; apps/web/scripts/build-case-briefs.mjs,"Exact-code frontend and bounded browser PASS across Thai/English, two widths and online/offline; source/status text and selected case metadata remained paired; 16 downloadable bilingual files bound to brief catalog.",Technical language and metadata PASS; human comprehension remains AC41.,Implementation lead; independent authority where required,
AC37,M8,"R25,R26",25,Accessible workspace,"Selectors usable without long desktop scrolling; mobile/zoom reflow, keyboard/dialog focus and text/table equivalents work.",Desktop/mobile/keyboard/accessibility receipt,PARTIAL,Project Support/FloodGuard/execution/2026-09-23/proposal-release-staging-v1/qa/cleanup-live-577500c1/live-preview-qa.json; Project Support/FloodGuard/execution/2026-09-23/proposal-release-staging-v1/qa/cleanup-live-577500c1/cleanup-release-receipt.json; Project Support/FloodGuard/execution/2026-09-23/proposal-release-staging-v1/qa/cleanup-live-577500c1/responsive-preview-qa.json,,apps/web/src/app/public/page.tsx; apps/web/src/app/command/page.tsx; apps/web/src/app/studio/page.tsx,"Exact-code frontend keyboard/mobile checks PASS; deployed responsive receipt SHA 9fc5a71cf4d1f6c2ef46305970588d37f331fdbb4f1c36f2f458a32cb4f04fb4 covers Public/Planning/Studio at 360/768/1024/1920 CSS px (12 checks), zero horizontal overflow or translation failures; compact route workspace tested at 16 viewport/language combinations.",Independent scientific/product acceptance not granted,Implementation lead; independent authority where required,Exact-release zoom/focus/text-equivalent audit and real user/device review remain to be recorded.
AC38,M8,"R28,R40",25,Five-point brief,"Same-package priority/status, drivers, denominator, intervention and uncertainty in Thai/English downloadable one-page format.",Rendered brief and data identity test,PARTIAL,apps/web/public/briefs/catalog.json; Project Support/FloodGuard/execution/2026-09-23/proposal-release-staging-v1/qa/cleanup-live-577500c1/download-alignment.json; Project Support/FloodGuard/execution/2026-09-23/proposal-release-staging-v1/qa/cleanup-live-577500c1/cleanup-release-receipt.json,,apps/web/scripts/build-case-briefs.mjs; apps/web/public/briefs/catalog.json,Exact-code browser checked 64 brief selections/downloads; all 16 Thai/English HTML/PDF files and three catalogs matched Preview/offline bytes (19/19); brief catalog SHA f8df20dba1b40624829f55939389650694d1109f1ba62dccedb17359e5e262b5.,Independent scientific/product acceptance not granted,Implementation lead; independent authority where required,No accepted authoritative priority; real nontechnical comprehension review remains pending.
AC39,M9,"R30,R39","25,35",Exact-release QA,Current code/tree/package/export/frontend/API/runner/profile/CSP tests recorded at actual source.,Release receipt and CI artifacts,PASS,https://github.com/TUPRAM/flood-guard/actions/runs/35953156923; https://github.com/TUPRAM/flood-guard/actions/runs/35953161490; Project Support/FloodGuard/execution/2026-09-23/proposal-release-staging-v1/qa/cleanup-live-577500c1/cleanup-release-receipt.json,577500c1bb31d67424984153028c6fbecb99f068,docs/proposal_execution/STATUS.md,"At source SHA 577500c1 local pnpm verify:frontend PASS (lint/types/9 contracts/343 web/17 assets/two profiles/ten-route offline/CSP/64 briefs/32 shared/33 routes/16 workspaces); exact-SHA push/PR CI core+public verifier, API, runner, frontend and extras jobs PASS. Advisory audit reviewed separately.",Exact-code technical QA PASS; advisory audit is nonblocking and scientific acceptance remains separate.,Implementation lead; independent authority where required,
AC40,M9,R30,25,Atomic offline package,HTML/data/download hashes and permissions align; stale/mixed package rejected; local-server operation verified.,Offline ZIP manifest and stale-version tests,PASS,Project Support/FloodGuard/execution/2026-09-23/proposal-release-staging-v1/qa/cleanup-live-577500c1/FloodGuard_Candidate_Finals_Offline.zip; Project Support/FloodGuard/execution/2026-09-23/proposal-release-staging-v1/qa/cleanup-live-577500c1/download-alignment.json; Project Support/FloodGuard/execution/2026-09-23/proposal-release-staging-v1/qa/cleanup-live-577500c1/cleanup-release-receipt.json,577500c1bb31d67424984153028c6fbecb99f068,scripts/build_offline_demo_bundle.py; apps/web/scripts/write-offline-assets.mjs,Finals ZIP SHA 0e33015cc0c185ccb0e9559e550f012be8d05ef7e9352e1da1229fed6796bc32; 287-file manifest SHA f7cf6ab6ee187ea3a16dd2c8d824490e1dd29f75bce4adc2f1884c57984e34ce bound to code SHA; serve-demo.py verified every file; same-machine offline Studio brief/Public/Studio library HTTP 200; Preview/ZIP 19/19 catalogs/brief files byte-identical.,Technical offline package PASS on this machine; second-machine rehearsal is AC41.,Implementation lead; independent authority where required,
AC41,M9,"R30,R40",25,Human/device rehearsal,Actual nontechnical response and second-machine run documented; otherwise NOT RUN with actionable instructions.,Human and device receipts,NOT RUN,,,docs/proposal_execution/RESUME.md,,,Implementation lead; independent authority where required,Real nontechnical reviewer and second machine not yet available; do not simulate.
AC42,M9,"R39,R40",25,Preview accessibility,READY deployment matches SHA; anonymous persistent public link verified; production unchanged.,Deployment/share verification,PASS,Project Support/FloodGuard/execution/2026-09-23/proposal-release-staging-v1/qa/cleanup-live-577500c1/live-preview-qa.json; Project Support/FloodGuard/execution/2026-09-23/proposal-release-staging-v1/qa/cleanup-live-577500c1/cleanup-release-receipt.json,577500c1bb31d67424984153028c6fbecb99f068,docs/proposal_execution/STATUS.md,Vercel dpl_HFBaADxm74eTKikK8TXFrQyhmWVG READY at source SHA; requested branch alias anonymous 10/10 routes HTTP 200; PR head 577500c1; production alias remains prior master deployment dpl_DqaC4qcmxFnnoebUuwAnwunnxkaR.,Competition Preview accessibility PASS; no production promotion.,Implementation lead; independent authority where required,
AC43,M9,R40,25,Submission consistency,Slides/brief/report/offline/Preview one release; pitch/file requirements confirmed or explicitly pending.,Submission/rehearsal checklist,PARTIAL,docs/proposal_execution/pitch_outline.md; Project Support/FloodGuard/execution/2026-09-23/proposal-release-staging-v1/qa/cleanup-live-577500c1/download-alignment.json; Project Support/FloodGuard/execution/2026-09-23/proposal-release-staging-v1/qa/cleanup-live-577500c1/cleanup-release-receipt.json,,docs/proposal_execution/pitch_outline.md; apps/web/public/briefs/catalog.json,User confirmed ten-minute pitch/no file submission; exact-code Preview and offline catalogs plus 16 bilingual briefs matched 19/19 bytes; current script/outline retained.,Independent scientific/product acceptance not granted,Implementation lead; independent authority where required,Actual timed pitch and nontechnical human readout are not recorded; final documentation binding pending.
AC44,M10,R31,"40,35",Hat Yai transfer,Urban QA and independent event evidence; no transferred Mae Sai accuracy; topology/entrances and unknown coverage explicit.,Area-specific comparison and blockers,PARTIAL,Project Support/FloodGuard/research-runs/2026-09-23-hat-yai-transfer-closure-v1/run_receipt.json; Project Support/FloodGuard/execution/2026-09-23/worldpop-age-hat-yai-2025-1km-v2/age_review.json; Project Support/FloodGuard/execution/2026-09-23/proposal-release-staging-v1/study_finals/aoi-03_hat_yai_core/build_receipt.json,,scripts/hat_yai_transfer_sensitivity.py; docs/proposal_execution/hat_yai_transfer.md,"Candidate closure stress, exact-year age context and corrected Hat Yai finals 6/6 listed files rehashed",Independent scientific/product acceptance not granted,Implementation lead; independent authority where required,No independent Hat Yai flood reference or validated urban entrance/topology; transfer accuracy not claimed.
AC45,M10,R32,"40,35",Lower-basin years,Context repaired; each year has independent event layer or honest scenario status; shared baseline not presented as change.,2024/2025 event receipts,PARTIAL,Project Support/FloodGuard/execution/2026-09-23/proposal-release-staging-v1/study_finals/aoi-05_chao_phraya_bang_ban_sena/build_receipt.json; Project Support/FloodGuard/execution/2026-09-23/proposal-release-staging-v1/study_finals/aoi-06_chao_phraya_rangsit/build_receipt.json; Project Support/FloodGuard/execution/2026-09-23/proposal-release-staging-v1/qa/rebuilt-export-verification-v4.json; Project Support/FloodGuard/execution/2026-09-23/proposal-release-staging-v1/qa/repository-public-copy-receipt.json,,scripts/compare_lower_basin_context.py; docs/proposal_execution/lower_basin_release_path.md,Corrected fixed-demand 10 km two-mode lower-basin finals and verified eight-case candidate catalog/repository copy PASS,Independent scientific/product acceptance not granted,Implementation lead; independent authority where required,Distinct independent 2024/2025 observed flood inputs absent; shared static access remains a labelled scenario.
AC46,M12,"R30,R32",35,Portable reproduction,Configurable roots/locked commands; measured resources and update/recovery; no personal path required in product code.,Independent rebuild/resource/recovery receipt,PARTIAL,Project Support/FloodGuard/execution/2026-09-23/proposal-release-staging-v1/qa/finals_resource_samples.csv; Project Support/FloodGuard/execution/2026-09-23/proposal-release-staging-v1/qa/evidence_build_resource_samples.csv; Project Support/FloodGuard/execution/2026-09-23/proposal-release-staging-v1/qa/rebuilt-export-verification-v4.json; Project Support/FloodGuard/execution/2026-09-23/proposal-release-staging-v1/qa/repository-public-copy-receipt.json; docs/proposal_execution/replication_resources.md,,docs/proposal_execution/REPRODUCE.md; docs/proposal_execution/replication_resources.md,"Local source-bound finals and stage resource/recovery measured; independent export verifier PASS, 24/24 repository copy PASS; second-machine NOT RUN",Independent scientific/product acceptance not granted,Implementation lead; independent authority where required,Local reproduction/resources PASS; exact-release offline package and real second-machine rebuild remain pending.
AC47,M13,"R38,R39","40,25",Pilot acceptance,"Real owner/user workflow, freshness/privacy/security/incident responsibilities accepted; no automatic agency contact or warning.",Partner protocol and actual acceptance or blocker,NOT RUN,,,docs/proposal_execution/UNRESOLVED.md,,,Implementation lead; independent authority where required,Post-finals partner workflow/owner/security acceptance not authorized.
AC48,M14,"R07,R33,R34,R35,R36,R37",All,Roadmap discipline,"Each extension has selected purpose, lawful data, independent benchmark and go/no-go; no bundled untested completion claim.",Extension charters and eligibility decisions,NOT RUN,,,docs/proposal_execution/UNRESOLVED.md,,,Implementation lead; independent authority where required,"No selected extension purpose, lawful source, benchmark and go/no-go."
AC49,M0-M14,"R01,R40",All,Durable progress,R/AC/milestone status and current resume instructions retained; software PASS not scientific acceptance.,Progress/decisions/receipt index,PARTIAL,docs/proposal_execution/STATUS.md; docs/proposal_execution/RECEIPTS.jsonl; Project Support/FloodGuard/execution/2026-09-23/proposal-release-staging-v1/qa/cleanup-live-577500c1/cleanup-release-receipt.json,,docs/proposal_execution/STATUS.md; docs/proposal_execution/RECEIPTS.jsonl; docs/proposal_execution/RESUME.md; docs/proposal_execution/REGISTER_FINALIZATION.md,Code-release receipt SHA 968b78156f5b09ae75f10f6c036a9967f5e0e7db90e610df52111ba62344ac3e records UI PASS/proposal PARTIAL at verified code SHA; targeted R/AC rows updated without promoting scientific/human gates.,Final exact-source release receipt not yet available,Implementation lead; independent authority where required,Documentation-only follow-up commit/Preview verification and separate external final-binding receipt pending.
AC50,M0-M14,R39,All,No unauthorized escalation,"No production promotion, private export dependency, fabricated human authority, warning/SOS transmission or secret/raw-data publication.",Change/deployment/export audit,PASS,Project Support/FloodGuard/execution/2026-09-23/proposal-release-staging-v1/qa/cleanup-live-577500c1/cleanup-release-receipt.json,577500c1bb31d67424984153028c6fbecb99f068,docs/proposal_execution/STATUS.md; docs/proposal_execution/SOURCES_AND_RIGHTS.md,"Exact-code public-production profile contains zero proposal evidence assets and branch Preview remains non-operational/official_warning=false; production alias still old master; no agency contact, private export, fabricated approval or SOS transmission undertaken.",Technical no-escalation boundary PASS; scientific/operational authority not granted.,Implementation lead; independent authority where required,
