activation_code,activation_name,countries,event_time,activation_time,aoi_number,aoi_name,aoi_bbox_lon_min,aoi_bbox_lat_min,aoi_bbox_lon_max,aoi_bbox_lat_max,mae_sai_point_in_aoi_bbox,hat_yai_point_in_aoi_bbox,product_id,product_name,product_type,monitoring,monitoring_number,version_number,version_status,delivery_time,download_url,product_date,sensor_names,layer_names,observed_event_layer_present,flood_layer_present,candidate_role,mae_sai_reference_relevance,download_performed,processing_allowed,reason_blocked,source_url,retrieved_at_utc
EMSR754,Flood in Viet Nam,Viet Nam,2024-09-09T06:00:00,2024-09-11T16:00:00,1,Co Tiet,105.227676,21.241987,105.31695,21.353184,False,False,1013,EMSR754_AOI01_DEL_PRODUCT_v2.zip,DEL,False,0,2,F,2024-10-15T11:13:10.443121,https://rapidmapping.emergency.copernicus.eu/backend/EMSR754/AOI01/DEL_PRODUCT/EMSR754_AOI01_DEL_PRODUCT_v2.zip,2024-09-14T03:32:00,GeoEye-1,EMSR754/AOI01/DEL_PRODUCT/EMSR754_AOI01_DEL_PRODUCT_GEOEYE1_20240914_0332_ORTHO.tif|EMSR754/AOI01/DEL_PRODUCT/EMSR754_AOI01_DEL_PRODUCT_ancillaryCrisisInfoP_v2_VT|EMSR754/AOI01/DEL_PRODUCT/EMSR754_AOI01_DEL_PRODUCT_floodDepthA_v2_VT|EMSR754/AOI01/DEL_PRODUCT/EMSR754_AOI01_DEL_PRODUCT_observedEventA_v2_VT,True,True,flood_product_outside_current_mvp,not_relevant_country_or_aoi_for_mae_sai,False,False,CEMS metadata resolved without product download; AOI does not cover Mae Sai or exact product relevance is not cleared,https://rapidmapping.emergency.copernicus.eu/backend/dashboard-api/public-activations/?code=EMSR754,2026-07-08T05:45:12Z
EMSR754,Flood in Viet Nam,Viet Nam,2024-09-09T06:00:00,2024-09-11T16:00:00,2,Nong Trang,105.313323,21.218766,105.506169,21.411561,False,False,1020,EMSR754_AOI02_DEL_PRODUCT_v2.zip,DEL,False,0,2,F,2024-10-15T11:13:53.366253,https://rapidmapping.emergency.copernicus.eu/backend/EMSR754/AOI02/DEL_PRODUCT/EMSR754_AOI02_DEL_PRODUCT_v2.zip,2024-09-13T03:57:00,WorldView-3,EMSR754/AOI02/DEL_PRODUCT/EMSR754_AOI02_DEL_PRODUCT_WORLDVIEW3_20240913_0357_ORTHO.tif|EMSR754/AOI02/DEL_PRODUCT/EMSR754_AOI02_DEL_PRODUCT_floodDepthA_v2_VT|EMSR754/AOI02/DEL_PRODUCT/EMSR754_AOI02_DEL_PRODUCT_observedEventA_v2_VT,True,True,flood_product_outside_current_mvp,not_relevant_country_or_aoi_for_mae_sai,False,False,CEMS metadata resolved without product download; AOI does not cover Mae Sai or exact product relevance is not cleared,https://rapidmapping.emergency.copernicus.eu/backend/dashboard-api/public-activations/?code=EMSR754,2026-07-08T05:45:12Z
EMSR754,Flood in Viet Nam,Viet Nam,2024-09-09T06:00:00,2024-09-11T16:00:00,3,Hanoi,105.721256,20.891333,105.943664,21.125294,False,False,1017,EMSR754_AOI03_DEL_PRODUCT_v1.zip,DEL,False,0,1,F,2024-09-15T03:56:34.021541,https://rapidmapping.emergency.copernicus.eu/backend/EMSR754/AOI03/DEL_PRODUCT/EMSR754_AOI03_DEL_PRODUCT_v1.zip,2024-09-14T03:44:00,WorldView-3,EMSR754/AOI03/DEL_PRODUCT/EMSR754_AOI03_DEL_PRODUCT_WORLDVIEW2_20240914_0344_ORTHO.tif|EMSR754/AOI03/DEL_PRODUCT/EMSR754_AOI03_DEL_PRODUCT_floodDepthA_v1_VT|EMSR754/AOI03/DEL_PRODUCT/EMSR754_AOI03_DEL_PRODUCT_observedEventA_v1_VT,True,True,flood_product_outside_current_mvp,not_relevant_country_or_aoi_for_mae_sai,False,False,CEMS metadata resolved without product download; AOI does not cover Mae Sai or exact product relevance is not cleared,https://rapidmapping.emergency.copernicus.eu/backend/dashboard-api/public-activations/?code=EMSR754,2026-07-08T05:45:12Z
EMSR754,Flood in Viet Nam,Viet Nam,2024-09-09T06:00:00,2024-09-11T16:00:00,4,Ha Long,106.967346,20.929065,107.186164,21.064888,False,False,1014,EMSR754_AOI04_DEL_PRODUCT_v1.zip,DEL,False,0,1,F,2024-09-14T01:47:25.553652,https://rapidmapping.emergency.copernicus.eu/backend/EMSR754/AOI04/DEL_PRODUCT/EMSR754_AOI04_DEL_PRODUCT_v1.zip,2024-09-13T03:16:00,Pleiades,EMSR754/AOI04/DEL_PRODUCT/EMSR754_AOI04_DEL_PRODUCT_PLEIADES_20240913_0316_ORTHO.tif|EMSR754/AOI04/DEL_PRODUCT/EMSR754_AOI04_DEL_PRODUCT_floodDepthA_v1_VT|EMSR754/AOI04/DEL_PRODUCT/EMSR754_AOI04_DEL_PRODUCT_observedEventA_v1_VT,True,True,flood_product_outside_current_mvp,not_relevant_country_or_aoi_for_mae_sai,False,False,CEMS metadata resolved without product download; AOI does not cover Mae Sai or exact product relevance is not cleared,https://rapidmapping.emergency.copernicus.eu/backend/dashboard-api/public-activations/?code=EMSR754,2026-07-08T05:45:12Z
EMSR754,Flood in Viet Nam,Viet Nam,2024-09-09T06:00:00,2024-09-11T16:00:00,5,Hai Phong,106.607842,20.659613,106.920835,20.911408,False,False,1016,EMSR754_AOI05_DEL_PRODUCT_v1.zip,DEL,False,0,1,F,2024-09-14T14:11:20.391973,https://rapidmapping.emergency.copernicus.eu/backend/EMSR754/AOI05/DEL_PRODUCT/EMSR754_AOI05_DEL_PRODUCT_v1.zip,2024-09-14T03:42:00,WorldView-2,EMSR754/AOI05/DEL_PRODUCT/EMSR754_AOI05_DEL_PRODUCT_WORLDVIEW2_20240914_0342_ORTHO.tif|EMSR754/AOI05/DEL_PRODUCT/EMSR754_AOI05_DEL_PRODUCT_floodDepthA_v1_VT|EMSR754/AOI05/DEL_PRODUCT/EMSR754_AOI05_DEL_PRODUCT_observedEventA_v1_VT,True,True,flood_product_outside_current_mvp,not_relevant_country_or_aoi_for_mae_sai,False,False,CEMS metadata resolved without product download; AOI does not cover Mae Sai or exact product relevance is not cleared,https://rapidmapping.emergency.copernicus.eu/backend/dashboard-api/public-activations/?code=EMSR754,2026-07-08T05:45:12Z
EMSR754,Flood in Viet Nam,Viet Nam,2024-09-09T06:00:00,2024-09-11T16:00:00,6,Thai Binh,106.247226,20.392193,106.422443,20.521696,False,False,1021,EMSR754_AOI06_DEL_PRODUCT_v1.zip,DEL,False,0,1,F,2024-09-20T15:39:02.350723,https://rapidmapping.emergency.copernicus.eu/backend/EMSR754/AOI06/DEL_PRODUCT/EMSR754_AOI06_DEL_PRODUCT_v1.zip,2024-09-20T03:27:00,WorldView-2,EMSR754/AOI06/DEL_PRODUCT/EMSR754_AOI06_DEL_PRODUCT_WORLDVIEW2_20240920_0327_ORTHO.tif|EMSR754/AOI06/DEL_PRODUCT/EMSR754_AOI06_DEL_PRODUCT_floodDepthA_v1_VT|EMSR754/AOI06/DEL_PRODUCT/EMSR754_AOI06_DEL_PRODUCT_observedEventA_v1_VT,True,True,flood_product_outside_current_mvp,not_relevant_country_or_aoi_for_mae_sai,False,False,CEMS metadata resolved without product download; AOI does not cover Mae Sai or exact product relevance is not cleared,https://rapidmapping.emergency.copernicus.eu/backend/dashboard-api/public-activations/?code=EMSR754,2026-07-08T05:45:12Z
EMSR754,Flood in Viet Nam,Viet Nam,2024-09-09T06:00:00,2024-09-11T16:00:00,7,Nam Dinh,106.130716,20.362445,106.249745,20.500472,False,False,1018,EMSR754_AOI07_DEL_PRODUCT_v1.zip,DEL,False,0,1,F,2024-09-14T16:17:35.126341,https://rapidmapping.emergency.copernicus.eu/backend/EMSR754/AOI07/DEL_PRODUCT/EMSR754_AOI07_DEL_PRODUCT_v1.zip,2024-09-14T03:45:00,WorldView-2,EMSR754/AOI07/DEL_PRODUCT/EMSR754_AOI07_DEL_PRODUCT_WORLDVIEW2_20240914_0345_ORTHO.tif|EMSR754/AOI07/DEL_PRODUCT/EMSR754_AOI07_DEL_PRODUCT_floodDepthA_v1_VT|EMSR754/AOI07/DEL_PRODUCT/EMSR754_AOI07_DEL_PRODUCT_observedEventA_v1_VT,True,True,flood_product_outside_current_mvp,not_relevant_country_or_aoi_for_mae_sai,False,False,CEMS metadata resolved without product download; AOI does not cover Mae Sai or exact product relevance is not cleared,https://rapidmapping.emergency.copernicus.eu/backend/dashboard-api/public-activations/?code=EMSR754,2026-07-08T05:45:12Z
EMSR754,Flood in Viet Nam,Viet Nam,2024-09-09T06:00:00,2024-09-11T16:00:00,8,Thanh Hoa,105.724228,19.757348,105.856294,19.890949,False,False,1022,EMSR754_AOI08_DEL_PRODUCT_v1.zip,DEL,False,0,1,F,2024-09-14T18:40:32.303395,https://rapidmapping.emergency.copernicus.eu/backend/EMSR754/AOI08/DEL_PRODUCT/EMSR754_AOI08_DEL_PRODUCT_v1.zip,2024-09-14T03:45:00,WorldView-2,EMSR754/AOI08/DEL_PRODUCT/EMSR754_AOI08_DEL_PRODUCT_WORLDVIEW2_20240914_0345_ORTHO.tif|EMSR754/AOI08/DEL_PRODUCT/EMSR754_AOI08_DEL_PRODUCT_floodDepthA_v1_VT|EMSR754/AOI08/DEL_PRODUCT/EMSR754_AOI08_DEL_PRODUCT_observedEventA_v1_VT,True,True,flood_product_outside_current_mvp,not_relevant_country_or_aoi_for_mae_sai,False,False,CEMS metadata resolved without product download; AOI does not cover Mae Sai or exact product relevance is not cleared,https://rapidmapping.emergency.copernicus.eu/backend/dashboard-api/public-activations/?code=EMSR754,2026-07-08T05:45:12Z
EMSR754,Flood in Viet Nam,Viet Nam,2024-09-09T06:00:00,2024-09-11T16:00:00,9,Ninh Binh,105.853089,20.161016,106.097998,20.375303,False,False,1019,EMSR754_AOI09_DEL_PRODUCT_v2.zip,DEL,False,0,2,F,2024-10-09T04:30:59.160411,https://rapidmapping.emergency.copernicus.eu/backend/EMSR754/AOI09/DEL_PRODUCT/EMSR754_AOI09_DEL_PRODUCT_v2.zip,2024-09-14T03:44:00,WorldView-2,EMSR754/AOI09/DEL_PRODUCT/EMSR754_AOI09_DEL_PRODUCT_WORLDVIEW2_20240914_0344_ORTHO.tif|EMSR754/AOI09/DEL_PRODUCT/EMSR754_AOI09_DEL_PRODUCT_floodDepthA_v1_VT|EMSR754/AOI09/DEL_PRODUCT/EMSR754_AOI09_DEL_PRODUCT_observedEventA_v1_VT,True,True,flood_product_outside_current_mvp,not_relevant_country_or_aoi_for_mae_sai,False,False,CEMS metadata resolved without product download; AOI does not cover Mae Sai or exact product relevance is not cleared,https://rapidmapping.emergency.copernicus.eu/backend/dashboard-api/public-activations/?code=EMSR754,2026-07-08T05:45:12Z
EMSR754,Flood in Viet Nam,Viet Nam,2024-09-09T06:00:00,2024-09-11T16:00:00,10,Hai Duong,106.194551,20.87937,106.386865,21.018698,False,False,1015,EMSR754_AOI10_DEL_PRODUCT_v1.zip,DEL,False,0,1,F,2024-09-14T14:47:33.045655,https://rapidmapping.emergency.copernicus.eu/backend/EMSR754/AOI10/DEL_PRODUCT/EMSR754_AOI10_DEL_PRODUCT_v1.zip,2024-09-14T03:56:00,WorldView-2,EMSR754/AOI10/DEL_PRODUCT/EMSR754_AOI10_DEL_PRODUCT_WORLDVIEW2_20240914_0356_ORTHO.tif|EMSR754/AOI10/DEL_PRODUCT/EMSR754_AOI10_DEL_PRODUCT_floodDepthA_v1_VT|EMSR754/AOI10/DEL_PRODUCT/EMSR754_AOI10_DEL_PRODUCT_observedEventA_v1_VT,True,True,flood_product_outside_current_mvp,not_relevant_country_or_aoi_for_mae_sai,False,False,CEMS metadata resolved without product download; AOI does not cover Mae Sai or exact product relevance is not cleared,https://rapidmapping.emergency.copernicus.eu/backend/dashboard-api/public-activations/?code=EMSR754,2026-07-08T05:45:12Z
EMSR754,Flood in Viet Nam,Viet Nam,2024-09-09T06:00:00,2024-09-11T16:00:00,11,Chi Linh,106.11455,21.0448,106.381258,21.222112,False,False,1012,EMSR754_AOI11_DEL_PRODUCT_v1.zip,DEL,False,0,1,F,2024-09-14T18:40:50.156591,https://rapidmapping.emergency.copernicus.eu/backend/EMSR754/AOI11/DEL_PRODUCT/EMSR754_AOI11_DEL_PRODUCT_v1.zip,2024-09-14T03:43:00,WorldView-2,EMSR754/AOI11/DEL_PRODUCT/EMSR754_AOI11_DEL_PRODUCT_WORLDVIEW2_20240914_0343_ORTHO.tif|EMSR754/AOI11/DEL_PRODUCT/EMSR754_AOI11_DEL_PRODUCT_floodDepthA_v1_VT|EMSR754/AOI11/DEL_PRODUCT/EMSR754_AOI11_DEL_PRODUCT_observedEventA_v1_VT,True,True,flood_product_outside_current_mvp,not_relevant_country_or_aoi_for_mae_sai,False,False,CEMS metadata resolved without product download; AOI does not cover Mae Sai or exact product relevance is not cleared,https://rapidmapping.emergency.copernicus.eu/backend/dashboard-api/public-activations/?code=EMSR754,2026-07-08T05:45:12Z
EMSR756,Flood in South West Poland,Poland|Czechia,2024-09-14T00:00:00,2024-09-13T12:50:00,1,Swidnica,15.763752,50.57069,17.335918,51.302843,False,False,1044,EMSR756_AOI01_DEL_MONIT01_v1.zip,DEL,True,1,1,F,2024-09-18T02:33:45.290951,https://rapidmapping.emergency.copernicus.eu/backend/EMSR756/AOI01/DEL_MONIT01/EMSR756_AOI01_DEL_MONIT01_v1.zip,2024-09-17T17:00:00,PAZ,EMSR756/AOI01/DEL_MONIT01/EMSR756_AOI01_DEL_MONIT01_floodDepthA_v1_VT|EMSR756/AOI01/DEL_MONIT01/EMSR756_AOI01_DEL_MONIT01_maximumFloodExtentA_v1_VT|EMSR756/AOI01/DEL_MONIT01/EMSR756_AOI01_DEL_MONIT01_observedEventA_v1_VT,True,True,flood_product_outside_current_mvp,not_relevant_country_or_aoi_for_mae_sai,False,False,CEMS metadata resolved without product download; AOI does not cover Mae Sai or exact product relevance is not cleared,https://rapidmapping.emergency.copernicus.eu/backend/dashboard-api/public-activations/?code=EMSR756,2026-07-08T05:45:13Z
EMSR756,Flood in South West Poland,Poland|Czechia,2024-09-14T00:00:00,2024-09-13T12:50:00,1,Swidnica,15.763752,50.57069,17.335918,51.302843,False,False,1027,EMSR756_AOI01_DEL_PRODUCT_v1.zip,DEL,False,0,1,F,2024-09-15T06:17:22.026478,https://rapidmapping.emergency.copernicus.eu/backend/EMSR756/AOI01/DEL_PRODUCT/EMSR756_AOI01_DEL_PRODUCT_v1.zip,2024-09-14T16:54:00,COSMO-SkyMed Second Generation,EMSR756/AOI01/DEL_PRODUCT/EMSR756_AOI01_DEL_PRODUCT_floodDepthA_v1_VT|EMSR756/AOI01/DEL_PRODUCT/EMSR756_AOI01_DEL_PRODUCT_observedEventA_v1_VT,True,True,flood_product_outside_current_mvp,not_relevant_country_or_aoi_for_mae_sai,False,False,CEMS metadata resolved without product download; AOI does not cover Mae Sai or exact product relevance is not cleared,https://rapidmapping.emergency.copernicus.eu/backend/dashboard-api/public-activations/?code=EMSR756,2026-07-08T05:45:13Z
EMSR756,Flood in South West Poland,Poland|Czechia,2024-09-14T00:00:00,2024-09-13T12:50:00,1,Swidnica,15.763752,50.57069,17.335918,51.302843,False,False,1059,EMSR756_AOI01_DEL_MONIT02_v1.zip,DEL,True,2,1,F,2024-09-19T00:33:11.209431,https://rapidmapping.emergency.copernicus.eu/backend/EMSR756/AOI01/DEL_MONIT02/EMSR756_AOI01_DEL_MONIT02_v1.zip,2024-09-18T16:43:00,PAZ,EMSR756/AOI01/DEL_MONIT02/EMSR756_AOI01_DEL_MONIT02_floodDepthA_v1_VT|EMSR756/AOI01/DEL_MONIT02/EMSR756_AOI01_DEL_MONIT02_maximumFloodExtentA_v1_VT|EMSR756/AOI01/DEL_MONIT02/EMSR756_AOI01_DEL_MONIT02_observedEventA_v1_VT,True,True,flood_product_outside_current_mvp,not_relevant_country_or_aoi_for_mae_sai,False,False,CEMS metadata resolved without product download; AOI does not cover Mae Sai or exact product relevance is not cleared,https://rapidmapping.emergency.copernicus.eu/backend/dashboard-api/public-activations/?code=EMSR756,2026-07-08T05:45:13Z
EMSR756,Flood in South West Poland,Poland|Czechia,2024-09-14T00:00:00,2024-09-13T12:50:00,2,Jelenia Gora,15.617605,50.715583,16.1996,50.967438,False,False,1025,EMSR756_AOI02_DEL_PRODUCT_v2.zip,DEL,False,0,2,F,2024-09-26T17:44:14.908902,https://rapidmapping.emergency.copernicus.eu/backend/EMSR756/AOI02/DEL_PRODUCT/EMSR756_AOI02_DEL_PRODUCT_v2.zip,2024-09-14T17:06:00,COSMO-SkyMed,EMSR756/AOI02/DEL_PRODUCT/EMSR756_AOI02_DEL_PRODUCT_floodDepthA_v2_VT|EMSR756/AOI02/DEL_PRODUCT/EMSR756_AOI02_DEL_PRODUCT_observedEventA_v2_VT|EMSR756/AOI02/DEL_PRODUCT/EMSR765_AOI01_DEL_PRODUCT_observedEventA_v1_VT|EMSR756/AOI02/DEL_PRODUCT/EMSR765_AOI01_DEL_PRODUCT_observedEventL_v1_VT|EMSR756/AOI02/DEL_PRODUCT/EMSR765_AOI01_DEL_PRODUCT_observedEventP_v1_VT,True,True,flood_product_outside_current_mvp,not_relevant_country_or_aoi_for_mae_sai,False,False,CEMS metadata resolved without product download; AOI does not cover Mae Sai or exact product relevance is not cleared,https://rapidmapping.emergency.copernicus.eu/backend/dashboard-api/public-activations/?code=EMSR756,2026-07-08T05:45:13Z
EMSR756,Flood in South West Poland,Poland|Czechia,2024-09-14T00:00:00,2024-09-13T12:50:00,2,Jelenia Gora,15.617605,50.715583,16.1996,50.967438,False,False,1042,EMSR756_AOI02_DEL_MONIT01_v1.zip,DEL,True,1,1,F,2024-09-16T21:17:48.990068,https://rapidmapping.emergency.copernicus.eu/backend/EMSR756/AOI02/DEL_MONIT01/EMSR756_AOI02_DEL_MONIT01_v1.zip,2024-09-16T16:52:00,Sentinel-1,EMSR756/AOI02/DEL_MONIT01/EMSR756_AOI02_DEL_MONIT01_floodDepthA_v1_VT|EMSR756/AOI02/DEL_MONIT01/EMSR756_AOI02_DEL_MONIT01_maximumFloodExtentA_v1_VT|EMSR756/AOI02/DEL_MONIT01/EMSR756_AOI02_DEL_MONIT01_observedEventA_v1_VT,True,True,flood_product_outside_current_mvp,not_relevant_country_or_aoi_for_mae_sai,False,False,CEMS metadata resolved without product download; AOI does not cover Mae Sai or exact product relevance is not cleared,https://rapidmapping.emergency.copernicus.eu/backend/dashboard-api/public-activations/?code=EMSR756,2026-07-08T05:45:13Z
EMSR756,Flood in South West Poland,Poland|Czechia,2024-09-14T00:00:00,2024-09-13T12:50:00,2,Jelenia Gora,15.617605,50.715583,16.1996,50.967438,False,False,1048,EMSR756_AOI02_DEL_MONIT02_v1.zip,DEL,True,2,1,F,2024-09-17T20:49:12.292028,https://rapidmapping.emergency.copernicus.eu/backend/EMSR756/AOI02/DEL_MONIT02/EMSR756_AOI02_DEL_MONIT02_v1.zip,2024-09-17T17:00:00,PAZ,EMSR756/AOI02/DEL_MONIT02/EMSR756_AOI02_DEL_MONIT02_floodDepthA_v1_VT|EMSR756/AOI02/DEL_MONIT02/EMSR756_AOI02_DEL_MONIT02_maximumFloodExtentA_v1_VT|EMSR756/AOI02/DEL_MONIT02/EMSR756_AOI02_DEL_MONIT02_observedEventA_v1_VT,True,True,flood_product_outside_current_mvp,not_relevant_country_or_aoi_for_mae_sai,False,False,CEMS metadata resolved without product download; AOI does not cover Mae Sai or exact product relevance is not cleared,https://rapidmapping.emergency.copernicus.eu/backend/dashboard-api/public-activations/?code=EMSR756,2026-07-08T05:45:13Z
EMSR756,Flood in South West Poland,Poland|Czechia,2024-09-14T00:00:00,2024-09-13T12:50:00,3,Nysa,16.145599,50.122329,17.988915,50.70567,False,False,1026,EMSR756_AOI03_DEL_PRODUCT_v1.zip,DEL,False,0,1,F,2024-09-15T23:58:16.200124,https://rapidmapping.emergency.copernicus.eu/backend/EMSR756/AOI03/DEL_PRODUCT/EMSR756_AOI03_DEL_PRODUCT_v1.zip,2024-09-15T05:01:00,Sentinel-1,EMSR756/AOI03/DEL_PRODUCT/EMSR756_AOI03_DEL_PRODUCT_floodDepthA_v1_VT|EMSR756/AOI03/DEL_PRODUCT/EMSR756_AOI03_DEL_PRODUCT_observedEventA_v1_VT,True,True,flood_product_outside_current_mvp,not_relevant_country_or_aoi_for_mae_sai,False,False,CEMS metadata resolved without product download; AOI does not cover Mae Sai or exact product relevance is not cleared,https://rapidmapping.emergency.copernicus.eu/backend/dashboard-api/public-activations/?code=EMSR756,2026-07-08T05:45:13Z
EMSR756,Flood in South West Poland,Poland|Czechia,2024-09-14T00:00:00,2024-09-13T12:50:00,3,Nysa,16.145599,50.122329,17.988915,50.70567,False,False,1043,EMSR756_AOI03_DEL_MONIT01_v1.zip,DEL,True,1,1,F,2024-09-19T02:49:43.003893,https://rapidmapping.emergency.copernicus.eu/backend/EMSR756/AOI03/DEL_MONIT01/EMSR756_AOI03_DEL_MONIT01_v1.zip,2024-09-18T09:50:00,Sentinel-2,EMSR756/AOI03/DEL_MONIT01/EMSR756_AOI03_DEL_MONIT01_SENTINEL2_20240918_0950_ORTHO.tif|EMSR756/AOI03/DEL_MONIT01/EMSR756_AOI03_DEL_MONIT01_floodDepthA_v1_VT|EMSR756/AOI03/DEL_MONIT01/EMSR756_AOI03_DEL_MONIT01_maximumFloodExtentA_v1_VT|EMSR756/AOI03/DEL_MONIT01/EMSR756_AOI03_DEL_MONIT01_observedEventA_v1_VT,True,True,flood_product_outside_current_mvp,not_relevant_country_or_aoi_for_mae_sai,False,False,CEMS metadata resolved without product download; AOI does not cover Mae Sai or exact product relevance is not cleared,https://rapidmapping.emergency.copernicus.eu/backend/dashboard-api/public-activations/?code=EMSR756,2026-07-08T05:45:13Z
EMSR756,Flood in South West Poland,Poland|Czechia,2024-09-14T00:00:00,2024-09-13T12:50:00,3,Nysa,16.145599,50.122329,17.988915,50.70567,False,False,1079,EMSR756_AOI03_DEL_MONIT02_v1.zip,DEL,True,2,1,F,2024-09-22T08:16:04.400785,https://rapidmapping.emergency.copernicus.eu/backend/EMSR756/AOI03/DEL_MONIT02/EMSR756_AOI03_DEL_MONIT02_v1.zip,2024-09-21T04:17:00,COSMO-SkyMed Second Generation,EMSR756/AOI03/DEL_MONIT02/EMSR756_AOI03_DEL_MONIT02_floodDepthA_v1_VT|EMSR756/AOI03/DEL_MONIT02/EMSR756_AOI03_DEL_MONIT02_maximumFloodExtentA_v1_VT|EMSR756/AOI03/DEL_MONIT02/EMSR756_AOI03_DEL_MONIT02_observedEventA_v1_VT,True,True,flood_product_outside_current_mvp,not_relevant_country_or_aoi_for_mae_sai,False,False,CEMS metadata resolved without product download; AOI does not cover Mae Sai or exact product relevance is not cleared,https://rapidmapping.emergency.copernicus.eu/backend/dashboard-api/public-activations/?code=EMSR756,2026-07-08T05:45:13Z
EMSR756,Flood in South West Poland,Poland|Czechia,2024-09-14T00:00:00,2024-09-13T12:50:00,4,Raciborz,17.987958,49.83688,18.510585,50.284154,False,False,1035,EMSR756_AOI04_DEL_PRODUCT_v1.zip,DEL,False,0,1,F,2024-09-16T22:08:21.875080,https://rapidmapping.emergency.copernicus.eu/backend/EMSR756/AOI04/DEL_PRODUCT/EMSR756_AOI04_DEL_PRODUCT_v1.zip,2024-09-16T04:59:00,PAZ,EMSR756/AOI04/DEL_PRODUCT/EMSR756_AOI04_DEL_PRODUCT_floodDepthA_v1_VT|EMSR756/AOI04/DEL_PRODUCT/EMSR756_AOI04_DEL_PRODUCT_observedEventA_v1_VT,True,True,flood_product_outside_current_mvp,not_relevant_country_or_aoi_for_mae_sai,False,False,CEMS metadata resolved without product download; AOI does not cover Mae Sai or exact product relevance is not cleared,https://rapidmapping.emergency.copernicus.eu/backend/dashboard-api/public-activations/?code=EMSR756,2026-07-08T05:45:13Z
EMSR756,Flood in South West Poland,Poland|Czechia,2024-09-14T00:00:00,2024-09-13T12:50:00,4,Raciborz,17.987958,49.83688,18.510585,50.284154,False,False,1049,EMSR756_AOI04_DEL_MONIT01_v1.zip,DEL,True,1,1,F,2024-09-19T02:08:52.638912,https://rapidmapping.emergency.copernicus.eu/backend/EMSR756/AOI04/DEL_MONIT01/EMSR756_AOI04_DEL_MONIT01_v1.zip,2024-09-18T16:35:00,Sentinel-1,EMSR756/AOI04/DEL_MONIT01/EMSR756_AOI04_DEL_MONIT01_floodDepthA_v1_VT|EMSR756/AOI04/DEL_MONIT01/EMSR756_AOI04_DEL_MONIT01_maximumFloodExtentA_v1_VT|EMSR756/AOI04/DEL_MONIT01/EMSR756_AOI04_DEL_MONIT01_observedEventA_v1_VT,True,True,flood_product_outside_current_mvp,not_relevant_country_or_aoi_for_mae_sai,False,False,CEMS metadata resolved without product download; AOI does not cover Mae Sai or exact product relevance is not cleared,https://rapidmapping.emergency.copernicus.eu/backend/dashboard-api/public-activations/?code=EMSR756,2026-07-08T05:45:13Z
EMSR756,Flood in South West Poland,Poland|Czechia,2024-09-14T00:00:00,2024-09-13T12:50:00,4,Raciborz,17.987958,49.83688,18.510585,50.284154,False,False,1083,EMSR756_AOI04_DEL_MONIT02_v1.zip,DEL,True,2,1,F,2024-09-22T04:07:45.981640,https://rapidmapping.emergency.copernicus.eu/backend/EMSR756/AOI04/DEL_MONIT02/EMSR756_AOI04_DEL_MONIT02_v1.zip,2024-09-20T17:54:00,COSMO-SkyMed Second Generation,EMSR756/AOI04/DEL_MONIT02/EMSR756_AOI04_DEL_MONIT02_floodDepthA_v1_VT|EMSR756/AOI04/DEL_MONIT02/EMSR756_AOI04_DEL_MONIT02_maximumFloodExtentA_v1_VT|EMSR756/AOI04/DEL_MONIT02/EMSR756_AOI04_DEL_MONIT02_observedEventA_v1_VT,True,True,flood_product_outside_current_mvp,not_relevant_country_or_aoi_for_mae_sai,False,False,CEMS metadata resolved without product download; AOI does not cover Mae Sai or exact product relevance is not cleared,https://rapidmapping.emergency.copernicus.eu/backend/dashboard-api/public-activations/?code=EMSR756,2026-07-08T05:45:13Z
EMSR756,Flood in South West Poland,Poland|Czechia,2024-09-14T00:00:00,2024-09-13T12:50:00,5,Ostrava,17.939419,49.8125,18.325688,49.955604,False,False,1050,EMSR756_AOI05_DEL_MONIT01_v1.zip,DEL,True,1,1,F,2024-09-19T00:17:44.225147,https://rapidmapping.emergency.copernicus.eu/backend/EMSR756/AOI05/DEL_MONIT01/EMSR756_AOI05_DEL_MONIT01_v1.zip,2024-09-18T16:35:00,Sentinel-1,EMSR756/AOI05/DEL_MONIT01/EMSR756_AOI05_DEL_MONIT01_floodDepthA_v1_VT|EMSR756/AOI05/DEL_MONIT01/EMSR756_AOI05_DEL_MONIT01_maximumFloodExtentA_v1_VT|EMSR756/AOI05/DEL_MONIT01/EMSR756_AOI05_DEL_MONIT01_observedEventA_v1_VT,True,True,flood_product_outside_current_mvp,not_relevant_country_or_aoi_for_mae_sai,False,False,CEMS metadata resolved without product download; AOI does not cover Mae Sai or exact product relevance is not cleared,https://rapidmapping.emergency.copernicus.eu/backend/dashboard-api/public-activations/?code=EMSR756,2026-07-08T05:45:13Z
EMSR756,Flood in South West Poland,Poland|Czechia,2024-09-14T00:00:00,2024-09-13T12:50:00,5,Ostrava,17.939419,49.8125,18.325688,49.955604,False,False,1046,EMSR756_AOI05_DEL_PRODUCT_v1.zip,DEL,False,0,1,F,2024-09-16T23:25:14.146381,https://rapidmapping.emergency.copernicus.eu/backend/EMSR756/AOI05/DEL_PRODUCT/EMSR756_AOI05_DEL_PRODUCT_v1.zip,2024-09-16T06:00:00,PAZ,EMSR756/AOI05/DEL_PRODUCT/EMSR756_AOI05_DEL_PRODUCT_floodDepthA_v1_VT|EMSR756/AOI05/DEL_PRODUCT/EMSR756_AOI05_DEL_PRODUCT_observedEventA_v1_VT,True,True,flood_product_outside_current_mvp,not_relevant_country_or_aoi_for_mae_sai,False,False,CEMS metadata resolved without product download; AOI does not cover Mae Sai or exact product relevance is not cleared,https://rapidmapping.emergency.copernicus.eu/backend/dashboard-api/public-activations/?code=EMSR756,2026-07-08T05:45:13Z
EMSR756,Flood in South West Poland,Poland|Czechia,2024-09-14T00:00:00,2024-09-13T12:50:00,5,Ostrava,17.939419,49.8125,18.325688,49.955604,False,False,1080,EMSR756_AOI05_DEL_MONIT02_v1.zip,DEL,True,2,1,F,2024-09-21T17:20:00.976658,https://rapidmapping.emergency.copernicus.eu/backend/EMSR756/AOI05/DEL_MONIT02/EMSR756_AOI05_DEL_MONIT02_v1.zip,2024-09-20T17:54:00,COSMO-SkyMed Second Generation,EMSR756/AOI05/DEL_MONIT02/EMSR756_AOI05_DEL_MONIT02_floodDepthA_v1_VT|EMSR756/AOI05/DEL_MONIT02/EMSR756_AOI05_DEL_MONIT02_maximumFloodExtentA_v1_VT|EMSR756/AOI05/DEL_MONIT02/EMSR756_AOI05_DEL_MONIT02_observedEventA_v1_VT,True,True,flood_product_outside_current_mvp,not_relevant_country_or_aoi_for_mae_sai,False,False,CEMS metadata resolved without product download; AOI does not cover Mae Sai or exact product relevance is not cleared,https://rapidmapping.emergency.copernicus.eu/backend/dashboard-api/public-activations/?code=EMSR756,2026-07-08T05:45:13Z
EMSR756,Flood in South West Poland,Poland|Czechia,2024-09-14T00:00:00,2024-09-13T12:50:00,6,Wroclaw,16.633428,50.250808,18.317726,51.2934,False,False,1081,EMSR756_AOI06_DEL_MONIT01_v1.zip,DEL,True,1,1,F,2024-09-22T09:59:48.656262,https://rapidmapping.emergency.copernicus.eu/backend/EMSR756/AOI06/DEL_MONIT01/EMSR756_AOI06_DEL_MONIT01_v1.zip,2024-09-21T10:51:00,Sentinel-2,EMSR756/AOI06/DEL_MONIT01/EMSR756_AOI06_DEL_MONIT01_SENTINEL2_20240921_1051_ORTHO.tif|EMSR756/AOI06/DEL_MONIT01/EMSR756_AOI06_DEL_MONIT01_floodDepthA_v1_VT|EMSR756/AOI06/DEL_MONIT01/EMSR756_AOI06_DEL_MONIT01_maximumFloodExtentA_v1_VT|EMSR756/AOI06/DEL_MONIT01/EMSR756_AOI06_DEL_MONIT01_observedEventA_v1_VT,True,True,flood_product_outside_current_mvp,not_relevant_country_or_aoi_for_mae_sai,False,False,CEMS metadata resolved without product download; AOI does not cover Mae Sai or exact product relevance is not cleared,https://rapidmapping.emergency.copernicus.eu/backend/dashboard-api/public-activations/?code=EMSR756,2026-07-08T05:45:13Z
EMSR756,Flood in South West Poland,Poland|Czechia,2024-09-14T00:00:00,2024-09-13T12:50:00,6,Wroclaw,16.633428,50.250808,18.317726,51.2934,False,False,1053,EMSR756_AOI06_DEL_PRODUCT_v1.zip,DEL,False,0,1,F,2024-09-19T03:53:00.550229,https://rapidmapping.emergency.copernicus.eu/backend/EMSR756/AOI06/DEL_PRODUCT/EMSR756_AOI06_DEL_PRODUCT_v1.zip,2024-09-18T09:56:00,Sentinel-2,EMSR756/AOI06/DEL_PRODUCT/EMSR756_AOI06_DEL_PRODUCT_SENTINEL2_20240918_0956_ORTHO.tif|EMSR756/AOI06/DEL_PRODUCT/EMSR756_AOI06_DEL_PRODUCT_floodDepthA_v1_VT|EMSR756/AOI06/DEL_PRODUCT/EMSR756_AOI06_DEL_PRODUCT_observedEventA_v1_VT,True,True,flood_product_outside_current_mvp,not_relevant_country_or_aoi_for_mae_sai,False,False,CEMS metadata resolved without product download; AOI does not cover Mae Sai or exact product relevance is not cleared,https://rapidmapping.emergency.copernicus.eu/backend/dashboard-api/public-activations/?code=EMSR756,2026-07-08T05:45:13Z
EMSR756,Flood in South West Poland,Poland|Czechia,2024-09-14T00:00:00,2024-09-13T12:50:00,7,Scinawa,16.396507,51.308401,16.500754,51.48773,False,False,1082,EMSR756_AOI07_DEL_MONIT01_v1.zip,DEL,True,1,1,F,2024-09-20T16:38:14.250553,https://rapidmapping.emergency.copernicus.eu/backend/EMSR756/AOI07/DEL_MONIT01/EMSR756_AOI07_DEL_MONIT01_v1.zip,2024-09-20T05:12:00,RADARSAT-2,EMSR756/AOI07/DEL_MONIT01/EMSR756_AOI07_DEL_MONIT01_floodDepthA_v1_VT|EMSR756/AOI07/DEL_MONIT01/EMSR756_AOI07_DEL_MONIT01_maximumFloodExtentA_v1_VT|EMSR756/AOI07/DEL_MONIT01/EMSR756_AOI07_DEL_MONIT01_observedEventA_v1_VT,True,True,flood_product_outside_current_mvp,not_relevant_country_or_aoi_for_mae_sai,False,False,CEMS metadata resolved without product download; AOI does not cover Mae Sai or exact product relevance is not cleared,https://rapidmapping.emergency.copernicus.eu/backend/dashboard-api/public-activations/?code=EMSR756,2026-07-08T05:45:13Z
EMSR756,Flood in South West Poland,Poland|Czechia,2024-09-14T00:00:00,2024-09-13T12:50:00,7,Scinawa,16.396507,51.308401,16.500754,51.48773,False,False,1052,EMSR756_AOI07_DEL_PRODUCT_v1.zip,DEL,False,0,1,F,2024-09-19T04:22:23.357187,https://rapidmapping.emergency.copernicus.eu/backend/EMSR756/AOI07/DEL_PRODUCT/EMSR756_AOI07_DEL_PRODUCT_v1.zip,2024-09-18T16:36:00,Sentinel-1,EMSR756/AOI07/DEL_PRODUCT/EMSR756_AOI07_DEL_PRODUCT_floodDepthA_v1_VT|EMSR756/AOI07/DEL_PRODUCT/EMSR756_AOI07_DEL_PRODUCT_observedEventA_v1_VT,True,True,flood_product_outside_current_mvp,not_relevant_country_or_aoi_for_mae_sai,False,False,CEMS metadata resolved without product download; AOI does not cover Mae Sai or exact product relevance is not cleared,https://rapidmapping.emergency.copernicus.eu/backend/dashboard-api/public-activations/?code=EMSR756,2026-07-08T05:45:13Z
EMSR756,Flood in South West Poland,Poland|Czechia,2024-09-14T00:00:00,2024-09-13T12:50:00,8,Glogow,15.664443,51.55372,16.493787,51.885824,False,False,1054,EMSR756_AOI08_DEL_PRODUCT_v3.zip,DEL,False,0,3,F,2024-10-01T16:06:50.671030,https://rapidmapping.emergency.copernicus.eu/backend/EMSR756/AOI08/DEL_PRODUCT/EMSR756_AOI08_DEL_PRODUCT_v3.zip,2024-09-17T10:08:00|2024-09-17T10:08:00,PlanetScope,EMSR756/AOI08/DEL_PRODUCT/EMSR756_AOI08_DEL_PRODUCT_PLANETSCOPE_20240917_1008_ORTHO.tif|EMSR756/AOI08/DEL_PRODUCT/EMSR756_AOI08_DEL_PRODUCT_floodDepthA_v3_VT|EMSR756/AOI08/DEL_PRODUCT/EMSR756_AOI08_DEL_PRODUCT_observedEventA_v3_VT,True,True,flood_product_outside_current_mvp,not_relevant_country_or_aoi_for_mae_sai,False,False,CEMS metadata resolved without product download; AOI does not cover Mae Sai or exact product relevance is not cleared,https://rapidmapping.emergency.copernicus.eu/backend/dashboard-api/public-activations/?code=EMSR756,2026-07-08T05:45:13Z
EMSR756,Flood in South West Poland,Poland|Czechia,2024-09-14T00:00:00,2024-09-13T12:50:00,8,Glogow,15.664443,51.55372,16.493787,51.885824,False,False,1078,EMSR756_AOI08_DEL_MONIT01_v1.zip,DEL,True,1,1,F,2024-09-22T01:45:46.730211,https://rapidmapping.emergency.copernicus.eu/backend/EMSR756/AOI08/DEL_MONIT01/EMSR756_AOI08_DEL_MONIT01_v1.zip,2024-09-21T10:00:00,Sentinel-2,EMSR756/AOI08/DEL_MONIT01/EMSR756_AOI08_DEL_MONIT01_SENTINEL2_20240921_1000_ORTHO.tif|EMSR756/AOI08/DEL_MONIT01/EMSR756_AOI08_DEL_MONIT01_floodDepthA_v1_VT|EMSR756/AOI08/DEL_MONIT01/EMSR756_AOI08_DEL_MONIT01_maximumFloodExtentA_v1_VT|EMSR756/AOI08/DEL_MONIT01/EMSR756_AOI08_DEL_MONIT01_observedEventA_v1_VT,True,True,flood_product_outside_current_mvp,not_relevant_country_or_aoi_for_mae_sai,False,False,CEMS metadata resolved without product download; AOI does not cover Mae Sai or exact product relevance is not cleared,https://rapidmapping.emergency.copernicus.eu/backend/dashboard-api/public-activations/?code=EMSR756,2026-07-08T05:45:13Z
EMSR756,Flood in South West Poland,Poland|Czechia,2024-09-14T00:00:00,2024-09-13T12:50:00,9,Boleslawiec,15.431938,51.027359,15.717652,51.616623,False,False,1055,EMSR756_AOI09_DEL_PRODUCT_v1.zip,DEL,False,0,1,F,2024-09-22T04:41:46.876988,https://rapidmapping.emergency.copernicus.eu/backend/EMSR756/AOI09/DEL_PRODUCT/EMSR756_AOI09_DEL_PRODUCT_v1.zip,2024-09-21T10:51:00,Sentinel-2,EMSR756/AOI09/DEL_PRODUCT/EMSR756_AOI09_DEL_PRODUCT_SENTINEL2_20240921_1051_ORTHO.tif|EMSR756/AOI09/DEL_PRODUCT/EMSR756_AOI09_DEL_PRODUCT_floodDepthA_v1_VT|EMSR756/AOI09/DEL_PRODUCT/EMSR756_AOI09_DEL_PRODUCT_observedEventA_v1_VT,True,True,flood_product_outside_current_mvp,not_relevant_country_or_aoi_for_mae_sai,False,False,CEMS metadata resolved without product download; AOI does not cover Mae Sai or exact product relevance is not cleared,https://rapidmapping.emergency.copernicus.eu/backend/dashboard-api/public-activations/?code=EMSR756,2026-07-08T05:45:13Z
EMSR756,Flood in South West Poland,Poland|Czechia,2024-09-14T00:00:00,2024-09-13T12:50:00,10,Nowogrod Bobrzanski,15.182774,51.587696,15.361492,51.854971,False,False,1058,EMSR756_AOI10_DEL_PRODUCT_v1.zip,DEL,False,0,1,F,2024-09-19T07:15:12.704849,https://rapidmapping.emergency.copernicus.eu/backend/EMSR756/AOI10/DEL_PRODUCT/EMSR756_AOI10_DEL_PRODUCT_v1.zip,2024-09-18T16:44:00,PAZ,EMSR756/AOI10/DEL_PRODUCT/EMSR756_AOI10_DEL_PRODUCT_floodDepthA_v1_VT|EMSR756/AOI10/DEL_PRODUCT/EMSR756_AOI10_DEL_PRODUCT_observedEventA_v1_VT,True,True,flood_product_outside_current_mvp,not_relevant_country_or_aoi_for_mae_sai,False,False,CEMS metadata resolved without product download; AOI does not cover Mae Sai or exact product relevance is not cleared,https://rapidmapping.emergency.copernicus.eu/backend/dashboard-api/public-activations/?code=EMSR756,2026-07-08T05:45:13Z
EMSR756,Flood in South West Poland,Poland|Czechia,2024-09-14T00:00:00,2024-09-13T12:50:00,11,Krosno Odrzanskie,15.007345,51.909458,15.194002,52.087494,False,False,1057,EMSR756_AOI11_DEL_PRODUCT_v1.zip,DEL,False,0,1,F,2024-09-19T07:29:06.339419,https://rapidmapping.emergency.copernicus.eu/backend/EMSR756/AOI11/DEL_PRODUCT/EMSR756_AOI11_DEL_PRODUCT_v1.zip,2024-09-18T16:44:00,PAZ,EMSR756/AOI11/DEL_PRODUCT/EMSR756_AOI11_DEL_PRODUCT_floodDepthA_v1_VT|EMSR756/AOI11/DEL_PRODUCT/EMSR756_AOI11_DEL_PRODUCT_observedEventA_v1_VT,True,True,flood_product_outside_current_mvp,not_relevant_country_or_aoi_for_mae_sai,False,False,CEMS metadata resolved without product download; AOI does not cover Mae Sai or exact product relevance is not cleared,https://rapidmapping.emergency.copernicus.eu/backend/dashboard-api/public-activations/?code=EMSR756,2026-07-08T05:45:13Z
EMSR756,Flood in South West Poland,Poland|Czechia,2024-09-14T00:00:00,2024-09-13T12:50:00,12,Frankfurt an der Oder,14.520935,52.240375,14.719118,52.390397,False,False,1056,,DEL,False,0,1,N,2024-09-18T19:57:00,,2024-09-18T16:44:00,PAZ,,False,False,non_flood_or_context_product,not_relevant_country_or_aoi_for_mae_sai,False,False,CEMS metadata resolved without product download; AOI does not cover Mae Sai or exact product relevance is not cleared,https://rapidmapping.emergency.copernicus.eu/backend/dashboard-api/public-activations/?code=EMSR756,2026-07-08T05:45:13Z
EMSR756,Flood in South West Poland,Poland|Czechia,2024-09-14T00:00:00,2024-09-13T12:50:00,13,Klodzko,16.619374,50.418035,16.716554,50.486767,False,False,1096,EMSR756_AOI13_GRA_PRODUCT_v1.zip,GRA,False,0,1,F,2024-09-24T02:33:23.933736,https://rapidmapping.emergency.copernicus.eu/backend/EMSR756/AOI13/GRA_PRODUCT/EMSR756_AOI13_GRA_PRODUCT_v1.zip,2024-09-23T09:45:00,WorldView-3,EMSR756/AOI13/GRA_PRODUCT/EMSR756_AOI13_GRA_PRODUCT_WORLDVIEW3_20240923_0945_ORTHO.tif|EMSR756/AOI13/GRA_PRODUCT/EMSR756_AOI13_GRA_PRODUCT_builtUpP_v1_VT|EMSR756/AOI13/GRA_PRODUCT/EMSR756_AOI13_GRA_PRODUCT_facilitiesA_v1_VT|EMSR756/AOI13/GRA_PRODUCT/EMSR756_AOI13_GRA_PRODUCT_facilitiesL_v1_VT|EMSR756/AOI13/GRA_PRODUCT/EMSR756_AOI13_GRA_PRODUCT_observedEventA_v1_VT|EMSR756/AOI13/GRA_PRODUCT/EMSR756_AOI13_GRA_PRODUCT_transportationL_v1_VT,True,False,non_flood_or_context_product,not_relevant_country_or_aoi_for_mae_sai,False,False,CEMS metadata resolved without product download; AOI does not cover Mae Sai or exact product relevance is not cleared,https://rapidmapping.emergency.copernicus.eu/backend/dashboard-api/public-activations/?code=EMSR756,2026-07-08T05:45:13Z
EMSR756,Flood in South West Poland,Poland|Czechia,2024-09-14T00:00:00,2024-09-13T12:50:00,14,Bystrzyca Klodzca,16.603959,50.265006,16.665598,50.322832,False,False,1093,EMSR756_AOI14_GRA_PRODUCT_v1.zip,GRA,False,0,1,F,2024-09-24T03:51:13.000185,https://rapidmapping.emergency.copernicus.eu/backend/EMSR756/AOI14/GRA_PRODUCT/EMSR756_AOI14_GRA_PRODUCT_v1.zip,2024-09-23T09:45:00,WorldView-3,EMSR756/AOI14/GRA_PRODUCT/EMSR756_AOI14_GRA_PRODUCT_WORLDVIEW3_20240923_0945_ORTHO.tif|EMSR756/AOI14/GRA_PRODUCT/EMSR756_AOI14_GRA_PRODUCT_builtUpP_v1_VT|EMSR756/AOI14/GRA_PRODUCT/EMSR756_AOI14_GRA_PRODUCT_observedEventA_v1_VT,True,False,non_flood_or_context_product,not_relevant_country_or_aoi_for_mae_sai,False,False,CEMS metadata resolved without product download; AOI does not cover Mae Sai or exact product relevance is not cleared,https://rapidmapping.emergency.copernicus.eu/backend/dashboard-api/public-activations/?code=EMSR756,2026-07-08T05:45:13Z
EMSR756,Flood in South West Poland,Poland|Czechia,2024-09-14T00:00:00,2024-09-13T12:50:00,15,Paczkow,16.961768,50.433813,17.070569,50.489372,False,False,1107,EMSR756_AOI15_GRA_MONIT01_v1.zip,GRA,True,1,1,F,2024-09-25T00:11:06.419810,https://rapidmapping.emergency.copernicus.eu/backend/EMSR756/AOI15/GRA_MONIT01/EMSR756_AOI15_GRA_MONIT01_v1.zip,2024-09-24T09:23:00,GeoEye-1,EMSR756/AOI15/GRA_MONIT01/EMSR756_AOI15_GRA_MONIT01_GEOEYE1_20240924_0923_ORTHO.tif|EMSR756/AOI15/GRA_MONIT01/EMSR756_AOI15_GRA_MONIT01_builtUpP_v1_VT|EMSR756/AOI15/GRA_MONIT01/EMSR756_AOI15_GRA_MONIT01_observedEventA_v1_VT|EMSR756/AOI15/GRA_MONIT01/EMSR756_AOI15_GRA_MONIT01_transportationL_v1_VT,True,False,non_flood_or_context_product,not_relevant_country_or_aoi_for_mae_sai,False,False,CEMS metadata resolved without product download; AOI does not cover Mae Sai or exact product relevance is not cleared,https://rapidmapping.emergency.copernicus.eu/backend/dashboard-api/public-activations/?code=EMSR756,2026-07-08T05:45:13Z
EMSR756,Flood in South West Poland,Poland|Czechia,2024-09-14T00:00:00,2024-09-13T12:50:00,15,Paczkow,16.961768,50.433813,17.070569,50.489372,False,False,1099,EMSR756_AOI15_GRA_PRODUCT_v1.zip,GRA,False,0,1,F,2024-09-23T18:09:04.978372,https://rapidmapping.emergency.copernicus.eu/backend/EMSR756/AOI15/GRA_PRODUCT/EMSR756_AOI15_GRA_PRODUCT_v1.zip,2024-09-23T09:44:00,WorldView-3,EMSR756/AOI15/GRA_PRODUCT/EMSR756_AOI15_GRA_PRODUCT_WORLDVIEW3_20240923_0944_ORTHO.tif|EMSR756/AOI15/GRA_PRODUCT/EMSR756_AOI15_GRA_PRODUCT_builtUpP_v1_VT|EMSR756/AOI15/GRA_PRODUCT/EMSR756_AOI15_GRA_PRODUCT_observedEventA_v1_VT|EMSR756/AOI15/GRA_PRODUCT/EMSR756_AOI15_GRA_PRODUCT_transportationL_v1_VT,True,False,non_flood_or_context_product,not_relevant_country_or_aoi_for_mae_sai,False,False,CEMS metadata resolved without product download; AOI does not cover Mae Sai or exact product relevance is not cleared,https://rapidmapping.emergency.copernicus.eu/backend/dashboard-api/public-activations/?code=EMSR756,2026-07-08T05:45:13Z
EMSR756,Flood in South West Poland,Poland|Czechia,2024-09-14T00:00:00,2024-09-13T12:50:00,16,Nysa city,17.258766,50.441032,17.413982,50.506128,False,False,1098,EMSR756_AOI16_GRA_PRODUCT_v1.zip,GRA,False,0,1,F,2024-09-25T00:42:13.710209,https://rapidmapping.emergency.copernicus.eu/backend/EMSR756/AOI16/GRA_PRODUCT/EMSR756_AOI16_GRA_PRODUCT_v1.zip,2024-09-24T09:23:00,GeoEye-1,EMSR756/AOI16/GRA_PRODUCT/EMSR756_AOI16_GRA_PRODUCT_GEOEYE1_20240924_0923_ORTHO.tif|EMSR756/AOI16/GRA_PRODUCT/EMSR756_AOI16_GRA_PRODUCT_builtUpP_v1_VT|EMSR756/AOI16/GRA_PRODUCT/EMSR756_AOI16_GRA_PRODUCT_facilitiesA_v1_VT|EMSR756/AOI16/GRA_PRODUCT/EMSR756_AOI16_GRA_PRODUCT_observedEventA_v1_VT|EMSR756/AOI16/GRA_PRODUCT/EMSR756_AOI16_GRA_PRODUCT_transportationL_v1_VT,True,False,non_flood_or_context_product,not_relevant_country_or_aoi_for_mae_sai,False,False,CEMS metadata resolved without product download; AOI does not cover Mae Sai or exact product relevance is not cleared,https://rapidmapping.emergency.copernicus.eu/backend/dashboard-api/public-activations/?code=EMSR756,2026-07-08T05:45:13Z
EMSR756,Flood in South West Poland,Poland|Czechia,2024-09-14T00:00:00,2024-09-13T12:50:00,17,Kamieniec Zabkowicki,16.709449,50.498439,16.962936,50.54751,False,False,1095,EMSR756_AOI17_GRA_PRODUCT_v1.zip,GRA,False,0,1,F,2024-09-23T23:25:03.047094,https://rapidmapping.emergency.copernicus.eu/backend/EMSR756/AOI17/GRA_PRODUCT/EMSR756_AOI17_GRA_PRODUCT_v1.zip,2024-09-23T09:44:00,WorldView-3,EMSR756/AOI17/GRA_PRODUCT/EMSR756_AOI17_GRA_PRODUCT_WORLDVIEW3_20240923_0944_ORTHO.tif|EMSR756/AOI17/GRA_PRODUCT/EMSR756_AOI17_GRA_PRODUCT_builtUpP_v1_VT|EMSR756/AOI17/GRA_PRODUCT/EMSR756_AOI17_GRA_PRODUCT_facilitiesA_v1_VT|EMSR756/AOI17/GRA_PRODUCT/EMSR756_AOI17_GRA_PRODUCT_observedEventA_v1_VT|EMSR756/AOI17/GRA_PRODUCT/EMSR756_AOI17_GRA_PRODUCT_transportationL_v1_VT,True,False,non_flood_or_context_product,not_relevant_country_or_aoi_for_mae_sai,False,False,CEMS metadata resolved without product download; AOI does not cover Mae Sai or exact product relevance is not cleared,https://rapidmapping.emergency.copernicus.eu/backend/dashboard-api/public-activations/?code=EMSR756,2026-07-08T05:45:13Z
EMSR756,Flood in South West Poland,Poland|Czechia,2024-09-14T00:00:00,2024-09-13T12:50:00,18,Ladek Zdroj,16.715473,50.329375,16.902681,50.371622,False,False,1097,EMSR756_AOI18_GRA_PRODUCT_v1.zip,GRA,False,0,1,F,2024-09-25T20:35:14.122215,https://rapidmapping.emergency.copernicus.eu/backend/EMSR756/AOI18/GRA_PRODUCT/EMSR756_AOI18_GRA_PRODUCT_v1.zip,2024-09-25T09:59:00,GeoEye-1,EMSR756/AOI18/GRA_PRODUCT/EMSR756_AOI18_GRA_PRODUCT_GEOEYE1_20240925_0959_ORTHO.tif|EMSR756/AOI18/GRA_PRODUCT/EMSR756_AOI18_GRA_PRODUCT_builtUpP_v1_VT|EMSR756/AOI18/GRA_PRODUCT/EMSR756_AOI18_GRA_PRODUCT_observedEventA_v1_VT|EMSR756/AOI18/GRA_PRODUCT/EMSR756_AOI18_GRA_PRODUCT_transportationL_v1_VT,True,False,non_flood_or_context_product,not_relevant_country_or_aoi_for_mae_sai,False,False,CEMS metadata resolved without product download; AOI does not cover Mae Sai or exact product relevance is not cleared,https://rapidmapping.emergency.copernicus.eu/backend/dashboard-api/public-activations/?code=EMSR756,2026-07-08T05:45:13Z
EMSR756,Flood in South West Poland,Poland|Czechia,2024-09-14T00:00:00,2024-09-13T12:50:00,19,Stronie Slaskie,16.808331,50.244839,16.979732,50.332823,False,False,1100,EMSR756_AOI19_GRA_PRODUCT_v1.zip,GRA,False,0,1,F,2024-09-24T11:10:16.482516,https://rapidmapping.emergency.copernicus.eu/backend/EMSR756/AOI19/GRA_PRODUCT/EMSR756_AOI19_GRA_PRODUCT_v1.zip,2024-09-23T09:44:00,WorldView-3,EMSR756/AOI19/GRA_PRODUCT/EMSR756_AOI19_GRA_PRODUCT_WORLDVIEW3_20240923_0944_ORTHO.tif|EMSR756/AOI19/GRA_PRODUCT/EMSR756_AOI19_GRA_PRODUCT_builtUpP_v1_VT|EMSR756/AOI19/GRA_PRODUCT/EMSR756_AOI19_GRA_PRODUCT_facilitiesA_v1_VT|EMSR756/AOI19/GRA_PRODUCT/EMSR756_AOI19_GRA_PRODUCT_facilitiesL_v1_VT|EMSR756/AOI19/GRA_PRODUCT/EMSR756_AOI19_GRA_PRODUCT_observedEventA_v1_VT|EMSR756/AOI19/GRA_PRODUCT/EMSR756_AOI19_GRA_PRODUCT_transportationL_v1_VT,True,False,non_flood_or_context_product,not_relevant_country_or_aoi_for_mae_sai,False,False,CEMS metadata resolved without product download; AOI does not cover Mae Sai or exact product relevance is not cleared,https://rapidmapping.emergency.copernicus.eu/backend/dashboard-api/public-activations/?code=EMSR756,2026-07-08T05:45:13Z
EMSR756,Flood in South West Poland,Poland|Czechia,2024-09-14T00:00:00,2024-09-13T12:50:00,19,Stronie Slaskie,16.808331,50.244839,16.979732,50.332823,False,False,1108,EMSR756_AOI19_GRA_MONIT01_v1.zip,GRA,True,1,1,F,2024-09-26T01:22:26.168007,https://rapidmapping.emergency.copernicus.eu/backend/EMSR756/AOI19/GRA_MONIT01/EMSR756_AOI19_GRA_MONIT01_v1.zip,2024-09-25T09:59:00,GeoEye-1,EMSR756/AOI19/GRA_MONIT01/EMSR756_AOI19_GRA_MONIT01_GEOEYE1_20240925_0959_ORTHO.tif|EMSR756/AOI19/GRA_MONIT01/EMSR756_AOI19_GRA_MONIT01_builtUpP_v1_VT|EMSR756/AOI19/GRA_MONIT01/EMSR756_AOI19_GRA_MONIT01_facilitiesA_v1_VT|EMSR756/AOI19/GRA_MONIT01/EMSR756_AOI19_GRA_MONIT01_observedEventA_v1_VT|EMSR756/AOI19/GRA_MONIT01/EMSR756_AOI19_GRA_MONIT01_transportationL_v1_VT,True,False,non_flood_or_context_product,not_relevant_country_or_aoi_for_mae_sai,False,False,CEMS metadata resolved without product download; AOI does not cover Mae Sai or exact product relevance is not cleared,https://rapidmapping.emergency.copernicus.eu/backend/dashboard-api/public-activations/?code=EMSR756,2026-07-08T05:45:13Z
EMSR756,Flood in South West Poland,Poland|Czechia,2024-09-14T00:00:00,2024-09-13T12:50:00,20,Glucholazy,17.328759,50.290829,17.419168,50.390217,False,False,1094,EMSR756_AOI20_GRA_PRODUCT_v1.zip,GRA,False,0,1,F,2024-09-24T19:17:54.430986,https://rapidmapping.emergency.copernicus.eu/backend/EMSR756/AOI20/GRA_PRODUCT/EMSR756_AOI20_GRA_PRODUCT_v1.zip,2024-09-24T09:23:00,GeoEye-1,EMSR756/AOI20/GRA_PRODUCT/EMSR756_AOI20_GRA_PRODUCT_GEOEYE1_20240924_0923_ORTHO.tif|EMSR756/AOI20/GRA_PRODUCT/EMSR756_AOI20_GRA_PRODUCT_builtUpP_v1_VT|EMSR756/AOI20/GRA_PRODUCT/EMSR756_AOI20_GRA_PRODUCT_facilitiesA_v1_VT|EMSR756/AOI20/GRA_PRODUCT/EMSR756_AOI20_GRA_PRODUCT_facilitiesL_v1_VT|EMSR756/AOI20/GRA_PRODUCT/EMSR756_AOI20_GRA_PRODUCT_observedEventA_v1_VT|EMSR756/AOI20/GRA_PRODUCT/EMSR756_AOI20_GRA_PRODUCT_transportationL_v1_VT|EMSR756/AOI20/GRA_PRODUCT/EMSR756_AOI20_GRA_PRODUCT_transportationP_v1_VT,True,False,non_flood_or_context_product,not_relevant_country_or_aoi_for_mae_sai,False,False,CEMS metadata resolved without product download; AOI does not cover Mae Sai or exact product relevance is not cleared,https://rapidmapping.emergency.copernicus.eu/backend/dashboard-api/public-activations/?code=EMSR756,2026-07-08T05:45:13Z
