source_name,file_name,local_path_hint,entry_kind,container_name,zip_member_count,zip_categories,category,file_size_bytes,file_size_gb,acquisition_date,acquisition_time_utc,processing_level,sensor_product,tile_id,sequence_id,tiff_version,image_width,image_height,samples_per_pixel,bits_per_sample,compression,pixel_size_m,crs_hint,bbox_lon_min,bbox_lat_min,bbox_lon_max,bbox_lat_max,mvp_overlap,floodguard_relevance,license_status,sha256_status,processing_allowed,reason_blocked
THEOS-2 hackathon sample imagery,IMG_T2V_20240131033325_ORTHO_PMS_32-011.tif,<input_dir>/IMG_T2V_20240131033325_ORTHO_PMS_32-011.tif,image_tiff,,,,Agri,3015397063,3.015,20240131,033325,ORTHO,PMS,32,011,BigTIFF,12745,29368,4,16|16|16|16,1,0.5,WGS84 / UTM Zone 47N,101.855428,12.787814,101.915599,12.919784,none_of_current_mvp_points,"useful for land-cover, exposure, and visual-context methods after license gates",hackathon_terms_unverified,not_recorded,False,hackathon license terms not recorded; sha256 checksum not recorded; metadata-only inventory; imagery remains outside Git
THEOS-2 hackathon sample imagery,IMG_T2V_20240131033325_ORTHO_PMS_32_2-008.tif,<input_dir>/IMG_T2V_20240131033325_ORTHO_PMS_32_2-008.tif,image_tiff,,,,Agri,3739091137,3.739,20240131,033325,ORTHO,PMS,32_2,008,BigTIFF,15830,29368,4,16|16|16|16,1,0.5,WGS84 / UTM Zone 47N,101.855428,12.787814,101.9298,12.919625,none_of_current_mvp_points,"useful for land-cover, exposure, and visual-context methods after license gates",hackathon_terms_unverified,not_recorded,False,hackathon license terms not recorded; sha256 checksum not recorded; metadata-only inventory; imagery remains outside Git
THEOS-2 hackathon sample imagery,IMG_T2V_20240821033931_ORTHO_PMS_32-016.tif,<input_dir>/IMG_T2V_20240821033931_ORTHO_PMS_32-016.tif,image_tiff,,,,Coastal|Miscellaneous,4959669376,4.96,20240821,033931,ORTHO,PMS,32,016,BigTIFF,24892,24740,4,16|16|16|16,1,0.5,WGS84 / UTM Zone 47N,99.556063,7.156422,99.668942,7.268162,none_of_current_mvp_points,"useful for land-cover, exposure, and visual-context methods after license gates",hackathon_terms_unverified,not_recorded,False,hackathon license terms not recorded; sha256 checksum not recorded; metadata-only inventory; imagery remains outside Git
THEOS-2 hackathon sample imagery,IMG_T2V_20240821033931_ORTHO_PMS_32-020.tif,<input_dir>/IMG_T2V_20240821033931_ORTHO_PMS_32-020.tif,image_tiff,,,,Coastal|Miscellaneous,4959669383,4.96,20240821,033931,ORTHO,PMS,32,020,BigTIFF,24892,24740,4,16|16|16|16,1,0.5,WGS84 / UTM Zone 47N,99.556063,7.156422,99.668942,7.268162,none_of_current_mvp_points,"useful for land-cover, exposure, and visual-context methods after license gates",hackathon_terms_unverified,not_recorded,False,hackathon license terms not recorded; sha256 checksum not recorded; metadata-only inventory; imagery remains outside Git
THEOS-2 hackathon sample imagery,IMG_T2V_20241012033956_ORTHO_PMS_32_2-025.tif,<input_dir>/IMG_T2V_20241012033956_ORTHO_PMS_32_2-025.tif,image_tiff,,,,Agri|Urban,3584650621,3.585,20241012,033956,ORTHO,PMS,32_2,025,BigTIFF,23700,18695,4,16|16|16|16,1,0.5,WGS84 / UTM Zone 47N,100.513173,13.908596,100.623411,13.992377,none_of_current_mvp_points,"useful for land-cover, exposure, and visual-context methods after license gates",hackathon_terms_unverified,not_recorded,False,hackathon license terms not recorded; sha256 checksum not recorded; metadata-only inventory; imagery remains outside Git
THEOS-2 hackathon sample imagery,IMG_T2V_20241203033748_ORTHO_PMS_32-015.tif,<input_dir>/IMG_T2V_20241203033748_ORTHO_PMS_32-015.tif,image_tiff,,,,Coastal|Urban,5139675161,5.14,20241203,033748,ORTHO,PMS,32,015,BigTIFF,25176,25348,4,16|16|16|16,1,0.5,WGS84 / UTM Zone 47N,100.819231,12.635591,100.935949,12.749319,none_of_current_mvp_points,"useful for land-cover, exposure, and visual-context methods after license gates",hackathon_terms_unverified,not_recorded,False,hackathon license terms not recorded; sha256 checksum not recorded; metadata-only inventory; imagery remains outside Git
THEOS-2 hackathon sample imagery,IMG_T2V_20241203033748_ORTHO_PMS_32-021.tif,<input_dir>/IMG_T2V_20241203033748_ORTHO_PMS_32-021.tif,image_tiff,,,,Coastal|Urban,5139675167,5.14,20241203,033748,ORTHO,PMS,32,021,BigTIFF,25176,25348,4,16|16|16|16,1,0.5,WGS84 / UTM Zone 47N,100.819231,12.635591,100.935949,12.749319,none_of_current_mvp_points,"useful for land-cover, exposure, and visual-context methods after license gates",hackathon_terms_unverified,not_recorded,False,hackathon license terms not recorded; sha256 checksum not recorded; metadata-only inventory; imagery remains outside Git
THEOS-2 hackathon sample imagery,IMG_T2V_20241203033748_ORTHO_PMS_32_2-013.tif,<input_dir>/IMG_T2V_20241203033748_ORTHO_PMS_32_2-013.tif,image_tiff,,,,Coastal,5139675167,5.14,20241203,033748,ORTHO,PMS,32_2,013,BigTIFF,25176,25348,4,16|16|16|16,1,0.5,WGS84 / UTM Zone 47N,100.819231,12.635591,100.935949,12.749319,none_of_current_mvp_points,"useful for land-cover, exposure, and visual-context methods after license gates",hackathon_terms_unverified,not_recorded,False,hackathon license terms not recorded; sha256 checksum not recorded; metadata-only inventory; imagery remains outside Git
THEOS-2 hackathon sample imagery,IMG_T2V_20241219034659_ORTHO_PMS_32-024.tif,<input_dir>/IMG_T2V_20241219034659_ORTHO_PMS_32-024.tif,image_tiff,,,,Urban,4728139712,4.728,20241219,034659,ORTHO,PMS,32,024,BigTIFF,23468,25045,4,16|16|16|16,1,0.5,WGS84 / UTM Zone 47N,100.492566,13.779776,100.601856,13.892279,none_of_current_mvp_points,"useful for land-cover, exposure, and visual-context methods after license gates",hackathon_terms_unverified,not_recorded,False,hackathon license terms not recorded; sha256 checksum not recorded; metadata-only inventory; imagery remains outside Git
THEOS-2 hackathon sample imagery,IMG_T2V_20250603033815_PRIMARY_PMS_32-028.TIF,<input_dir>/IMG_T2V_20250603033815_PRIMARY_PMS_32-028.TIF,image_tiff,,,,RAW Data (PAN+MS),3345775741,3.346,20250603,033815,PRIMARY,PMS,32,028,ClassicTIFF,20481,20417,4,16|16|16|16,1,,,,,,,unknown_no_bbox,generic THEOS-2 optical sample; not a current Mae Sai/Hat Yai validation input,hackathon_terms_unverified,not_recorded,False,hackathon license terms not recorded; sha256 checksum not recorded; metadata-only inventory; imagery remains outside Git
THEOS-2 hackathon sample imagery,IMG_T2V_20250730033331_ORTHO_PMS_32-004.tif,<input_dir>/IMG_T2V_20250730033331_ORTHO_PMS_32-004.tif,image_tiff,,,,Disaster,8095939271,8.096,20250730,033331,ORTHO,PMS,32,004,BigTIFF,31708,31812,4,16|16|16|16,1,0.5,WGS84 / UTM Zone 47N,99.734272,16.961463,99.883844,17.104638,none_of_current_mvp_points,THEOS-2 disaster sample; useful for optical context and future optical-water experiments,hackathon_terms_unverified,not_recorded,False,hackathon license terms not recorded; sha256 checksum not recorded; metadata-only inventory; imagery remains outside Git
THEOS-2 hackathon sample imagery,IMG_T2V_20250730033331_ORTHO_PMS_32.tif-006.ovr,<input_dir>/IMG_T2V_20250730033331_ORTHO_PMS_32.tif-006.ovr,overview,,,,Disaster,2718836258,2.719,20250730,033331,ORTHO,PMS,32,,,,,,,,,,,,,,unknown_no_bbox,THEOS-2 disaster sample; useful for optical context and future optical-water experiments,hackathon_terms_unverified,not_recorded,False,hackathon license terms not recorded; sha256 checksum not recorded; metadata-only inventory; imagery remains outside Git
THEOS-2 hackathon sample imagery,IMG_T2V_20250731035100_ORTHO_PMS_32-001.tif,<input_dir>/IMG_T2V_20250731035100_ORTHO_PMS_32-001.tif,image_tiff,,,,Disaster|LULC,6666381256,6.666,20250731,035100,ORTHO,PMS,32,001,BigTIFF,28580,29040,4,16|16|16|16,1,0.5,WGS84 / UTM Zone 47N,100.675272,18.447708,100.81192,18.577633,none_of_current_mvp_points,THEOS-2 disaster sample; useful for optical context and future optical-water experiments,hackathon_terms_unverified,not_recorded,False,hackathon license terms not recorded; sha256 checksum not recorded; metadata-only inventory; imagery remains outside Git
THEOS-2 hackathon sample imagery,IMG_T2V_20250731035100_ORTHO_PMS_32-003.tif,<input_dir>/IMG_T2V_20250731035100_ORTHO_PMS_32-003.tif,image_tiff,,,,Disaster|LULC,6695093025,6.695,20250731,035100,ORTHO,PMS,32,003,BigTIFF,28508,29240,4,16|16|16|16,1,0.5,WGS84 / UTM Zone 47N,100.692074,18.521791,100.828467,18.652603,none_of_current_mvp_points,THEOS-2 disaster sample; useful for optical context and future optical-water experiments,hackathon_terms_unverified,not_recorded,False,hackathon license terms not recorded; sha256 checksum not recorded; metadata-only inventory; imagery remains outside Git
THEOS-2 hackathon sample imagery,IMG_T2V_20250731035100_ORTHO_PMS_32.tif-005.ovr,<input_dir>/IMG_T2V_20250731035100_ORTHO_PMS_32.tif-005.ovr,overview,,,,Disaster|LULC,2236373538,2.236,20250731,035100,ORTHO,PMS,32,,,,,,,,,,,,,,unknown_no_bbox,THEOS-2 disaster sample; useful for optical context and future optical-water experiments,hackathon_terms_unverified,not_recorded,False,hackathon license terms not recorded; sha256 checksum not recorded; metadata-only inventory; imagery remains outside Git
THEOS-2 hackathon sample imagery,IMG_T2V_20250731035100_ORTHO_PMS_32.tif-007.ovr,<input_dir>/IMG_T2V_20250731035100_ORTHO_PMS_32.tif-007.ovr,overview,,,,Disaster|LULC,2258399010,2.258,20250731,035100,ORTHO,PMS,32,,,,,,,,,,,,,,unknown_no_bbox,THEOS-2 disaster sample; useful for optical context and future optical-water experiments,hackathon_terms_unverified,not_recorded,False,hackathon license terms not recorded; sha256 checksum not recorded; metadata-only inventory; imagery remains outside Git
THEOS-2 hackathon sample imagery,THEOS-2 Sample Images-20260620T002637Z-3-002.zip,<input_dir>/THEOS-2 Sample Images-20260620T002637Z-3-002.zip,zip_package,,10,Agri=1;Coastal=1;Disaster=1;LULC=4;RAW Data (PAN+MS)=1;Urban=2,package,613788005,0.614,,,,,,,,,,,,,,,,,,,unknown_package_not_georeferenced,metadata package for THEOS-2 optical context; inspect contained files before use,hackathon_terms_unverified,not_recorded,False,hackathon license terms not recorded; sha256 checksum not recorded; metadata-only inventory; imagery remains outside Git
THEOS-2 hackathon sample imagery,THEOS-2 Sample Images-20260620T002637Z-3-009.zip,<input_dir>/THEOS-2 Sample Images-20260620T002637Z-3-009.zip,zip_package,,3,Agri=2;Miscellaneous=1,package,359893378,0.36,,,,,,,,,,,,,,,,,,,unknown_package_not_georeferenced,metadata package for THEOS-2 optical context; inspect contained files before use,hackathon_terms_unverified,not_recorded,False,hackathon license terms not recorded; sha256 checksum not recorded; metadata-only inventory; imagery remains outside Git
THEOS-2 hackathon sample imagery,THEOS-2 Sample Images-20260620T002637Z-3-010.zip,<input_dir>/THEOS-2 Sample Images-20260620T002637Z-3-010.zip,zip_package,,9,Agri=3;Coastal=1;Miscellaneous=3;RAW Data (PAN+MS)=2,package,265282348,0.265,,,,,,,,,,,,,,,,,,,unknown_package_not_georeferenced,metadata package for THEOS-2 optical context; inspect contained files before use,hackathon_terms_unverified,not_recorded,False,hackathon license terms not recorded; sha256 checksum not recorded; metadata-only inventory; imagery remains outside Git
THEOS-2 hackathon sample imagery,THEOS-2 Sample Images-20260620T002637Z-3-012.zip,<input_dir>/THEOS-2 Sample Images-20260620T002637Z-3-012.zip,zip_package,,7,Agri=2;Coastal=1;Miscellaneous=2;RAW Data (PAN+MS)=2,package,220073607,0.22,,,,,,,,,,,,,,,,,,,unknown_package_not_georeferenced,metadata package for THEOS-2 optical context; inspect contained files before use,hackathon_terms_unverified,not_recorded,False,hackathon license terms not recorded; sha256 checksum not recorded; metadata-only inventory; imagery remains outside Git
THEOS-2 hackathon sample imagery,THEOS-2 Sample Images-20260620T002637Z-3-014.zip,<input_dir>/THEOS-2 Sample Images-20260620T002637Z-3-014.zip,zip_package,,7,Coastal=3;LULC=1;RAW Data (PAN+MS)=3,package,753927064,0.754,,,,,,,,,,,,,,,,,,,unknown_package_not_georeferenced,metadata package for THEOS-2 optical context; inspect contained files before use,hackathon_terms_unverified,not_recorded,False,hackathon license terms not recorded; sha256 checksum not recorded; metadata-only inventory; imagery remains outside Git
THEOS-2 hackathon sample imagery,THEOS-2 Sample Images-20260620T002637Z-3-017.zip,<input_dir>/THEOS-2 Sample Images-20260620T002637Z-3-017.zip,zip_package,,6,Agri=1;Coastal=1;Disaster=1;Miscellaneous=2;RAW Data (PAN+MS)=1,package,53857247,0.054,,,,,,,,,,,,,,,,,,,unknown_package_not_georeferenced,metadata package for THEOS-2 optical context; inspect contained files before use,hackathon_terms_unverified,not_recorded,False,hackathon license terms not recorded; sha256 checksum not recorded; metadata-only inventory; imagery remains outside Git
THEOS-2 hackathon sample imagery,THEOS-2 Sample Images-20260620T002637Z-3-018.zip,<input_dir>/THEOS-2 Sample Images-20260620T002637Z-3-018.zip,zip_package,,7,Coastal=1;Miscellaneous=1;RAW Data (PAN+MS)=2;Urban=3,package,248241427,0.248,,,,,,,,,,,,,,,,,,,unknown_package_not_georeferenced,metadata package for THEOS-2 optical context; inspect contained files before use,hackathon_terms_unverified,not_recorded,False,hackathon license terms not recorded; sha256 checksum not recorded; metadata-only inventory; imagery remains outside Git
THEOS-2 hackathon sample imagery,THEOS-2 Sample Images-20260620T002637Z-3-019.zip,<input_dir>/THEOS-2 Sample Images-20260620T002637Z-3-019.zip,zip_package,,7,LULC=1;Miscellaneous=2;RAW Data (PAN+MS)=3,package,281698862,0.282,,,,,,,,,,,,,,,,,,,unknown_package_not_georeferenced,metadata package for THEOS-2 optical context; inspect contained files before use,hackathon_terms_unverified,not_recorded,False,hackathon license terms not recorded; sha256 checksum not recorded; metadata-only inventory; imagery remains outside Git
THEOS-2 hackathon sample imagery,THEOS-2 Sample Images-20260620T002637Z-3-022.zip,<input_dir>/THEOS-2 Sample Images-20260620T002637Z-3-022.zip,zip_package,,7,Agri=1;Coastal=1;Disaster=1;Miscellaneous=1;RAW Data (PAN+MS)=1;Urban=2,package,281368506,0.281,,,,,,,,,,,,,,,,,,,unknown_package_not_georeferenced,metadata package for THEOS-2 optical context; inspect contained files before use,hackathon_terms_unverified,not_recorded,False,hackathon license terms not recorded; sha256 checksum not recorded; metadata-only inventory; imagery remains outside Git
THEOS-2 hackathon sample imagery,THEOS-2 Sample Images-20260620T002637Z-3-023.zip,<input_dir>/THEOS-2 Sample Images-20260620T002637Z-3-023.zip,zip_package,,6,LULC=2;Miscellaneous=1;RAW Data (PAN+MS)=1;Urban=2,package,110517530,0.111,,,,,,,,,,,,,,,,,,,unknown_package_not_georeferenced,metadata package for THEOS-2 optical context; inspect contained files before use,hackathon_terms_unverified,not_recorded,False,hackathon license terms not recorded; sha256 checksum not recorded; metadata-only inventory; imagery remains outside Git
THEOS-2 hackathon sample imagery,THEOS-2 Sample Images-20260620T002637Z-3-026.zip,<input_dir>/THEOS-2 Sample Images-20260620T002637Z-3-026.zip,zip_package,,7,Agri=1;Disaster=1;RAW Data (PAN+MS)=5,package,839821418,0.84,,,,,,,,,,,,,,,,,,,unknown_package_not_georeferenced,metadata package for THEOS-2 optical context; inspect contained files before use,hackathon_terms_unverified,not_recorded,False,hackathon license terms not recorded; sha256 checksum not recorded; metadata-only inventory; imagery remains outside Git
THEOS-2 hackathon sample imagery,THEOS-2 Sample Images-20260620T002637Z-3-027.zip,<input_dir>/THEOS-2 Sample Images-20260620T002637Z-3-027.zip,zip_package,,7,Agri=1;RAW Data (PAN+MS)=4,package,1290191732,1.29,,,,,,,,,,,,,,,,,,,unknown_package_not_georeferenced,metadata package for THEOS-2 optical context; inspect contained files before use,hackathon_terms_unverified,not_recorded,False,hackathon license terms not recorded; sha256 checksum not recorded; metadata-only inventory; imagery remains outside Git
