aoi_id,aoi_slug,priority,event_id,window_id,window_label,window_start,window_end,requested_max_cloud_pct,in_requested_window,date,aoi_cloud_pct,aoi_valid_coverage_pct,scene_cloud_pct,n_scenes
AOI-01,mae_sai_core,P1,mae_sai_2024,W1-event,Flood event window,2024-09-09,2024-09-20,80,False,2024-08-26,94.2,100.0,90.5,1
AOI-01,mae_sai_core,P1,mae_sai_2024,W1-event,Flood event window,2024-09-09,2024-09-20,80,False,2024-08-31,100.0,100.0,90.4,1
AOI-01,mae_sai_core,P1,mae_sai_2024,W1-event,Flood event window,2024-09-09,2024-09-20,80,False,2024-09-05,12.5,100.0,35.9,1
AOI-01,mae_sai_core,P1,mae_sai_2024,W1-event,Flood event window,2024-09-09,2024-09-20,80,True,2024-09-10,100.0,100.0,99.3,1
AOI-01,mae_sai_core,P1,mae_sai_2024,W1-event,Flood event window,2024-09-09,2024-09-20,80,False,2024-09-25,98.0,100.0,81.0,1
AOI-01,mae_sai_core,P1,mae_sai_2024,W1-event,Flood event window,2024-09-09,2024-09-20,80,False,2024-09-30,99.8,100.0,78.1,1
AOI-01,mae_sai_core,P1,mae_sai_2024,W2-pre,Pre-event clear baseline,2024-01-01,2024-02-15,10,True,2024-01-04,0.9,100.0,12.2,1
AOI-01,mae_sai_core,P1,mae_sai_2024,W2-pre,Pre-event clear baseline,2024-01-01,2024-02-15,10,True,2024-01-09,0.0,100.0,2.5,1
AOI-01,mae_sai_core,P1,mae_sai_2024,W2-pre,Pre-event clear baseline,2024-01-01,2024-02-15,10,True,2024-01-14,41.1,100.0,35.7,1
AOI-01,mae_sai_core,P1,mae_sai_2024,W2-pre,Pre-event clear baseline,2024-01-01,2024-02-15,10,True,2024-01-19,0.0,100.0,1.1,1
AOI-01,mae_sai_core,P1,mae_sai_2024,W2-pre,Pre-event clear baseline,2024-01-01,2024-02-15,10,True,2024-01-24,19.1,100.0,22.5,1
AOI-01,mae_sai_core,P1,mae_sai_2024,W2-pre,Pre-event clear baseline,2024-01-01,2024-02-15,10,True,2024-01-29,67.0,100.0,50.7,1
AOI-01,mae_sai_core,P1,mae_sai_2024,W2-pre,Pre-event clear baseline,2024-01-01,2024-02-15,10,True,2024-02-03,0.4,100.0,0.0,2
AOI-01,mae_sai_core,P1,mae_sai_2024,W2-pre,Pre-event clear baseline,2024-01-01,2024-02-15,10,True,2024-02-08,0.5,100.0,0.0,1
AOI-01,mae_sai_core,P1,mae_sai_2024,W2-pre,Pre-event clear baseline,2024-01-01,2024-02-15,10,True,2024-02-13,2.4,100.0,46.6,1
AOI-01,mae_sai_core,P1,mae_sai_2024,W3-post,Post-event clear baseline,2024-11-01,2025-01-31,10,True,2024-11-04,0.2,100.0,8.2,1
AOI-01,mae_sai_core,P1,mae_sai_2024,W3-post,Post-event clear baseline,2024-11-01,2025-01-31,10,True,2024-11-09,98.7,100.0,61.0,1
AOI-01,mae_sai_core,P1,mae_sai_2024,W3-post,Post-event clear baseline,2024-11-01,2025-01-31,10,True,2024-11-14,0.2,100.0,4.0,1
AOI-01,mae_sai_core,P1,mae_sai_2024,W3-post,Post-event clear baseline,2024-11-01,2025-01-31,10,True,2024-11-19,0.8,100.0,38.0,1
AOI-01,mae_sai_core,P1,mae_sai_2024,W3-post,Post-event clear baseline,2024-11-01,2025-01-31,10,True,2024-11-24,5.8,100.0,29.3,1
AOI-01,mae_sai_core,P1,mae_sai_2024,W3-post,Post-event clear baseline,2024-11-01,2025-01-31,10,True,2024-11-29,28.7,100.0,73.9,1
AOI-01,mae_sai_core,P1,mae_sai_2024,W3-post,Post-event clear baseline,2024-11-01,2025-01-31,10,True,2024-12-04,3.7,100.0,14.1,1
AOI-01,mae_sai_core,P1,mae_sai_2024,W3-post,Post-event clear baseline,2024-11-01,2025-01-31,10,True,2024-12-09,38.3,100.0,40.6,1
AOI-01,mae_sai_core,P1,mae_sai_2024,W3-post,Post-event clear baseline,2024-11-01,2025-01-31,10,True,2024-12-14,59.7,100.0,43.2,1
AOI-01,mae_sai_core,P1,mae_sai_2024,W3-post,Post-event clear baseline,2024-11-01,2025-01-31,10,True,2024-12-19,52.5,100.0,46.3,1
AOI-01,mae_sai_core,P1,mae_sai_2024,W3-post,Post-event clear baseline,2024-11-01,2025-01-31,10,True,2024-12-24,7.2,100.0,20.4,1
AOI-01,mae_sai_core,P1,mae_sai_2024,W3-post,Post-event clear baseline,2024-11-01,2025-01-31,10,True,2024-12-29,22.5,100.0,17.1,1
AOI-01,mae_sai_core,P1,mae_sai_2024,W3-post,Post-event clear baseline,2024-11-01,2025-01-31,10,True,2025-01-03,0.8,100.0,11.4,1
AOI-01,mae_sai_core,P1,mae_sai_2024,W3-post,Post-event clear baseline,2024-11-01,2025-01-31,10,True,2025-01-13,0.0,100.0,0.2,1
AOI-01,mae_sai_core,P1,mae_sai_2024,W3-post,Post-event clear baseline,2024-11-01,2025-01-31,10,True,2025-01-18,0.0,100.0,0.4,1
AOI-01,mae_sai_core,P1,mae_sai_2024,W3-post,Post-event clear baseline,2024-11-01,2025-01-31,10,True,2025-01-23,0.0,100.0,0.1,1
AOI-01,mae_sai_core,P1,mae_sai_2024,W3-post,Post-event clear baseline,2024-11-01,2025-01-31,10,True,2025-01-28,0.3,100.0,41.9,1
AOI-02,mae_sai_district,P2,mae_sai_2024,W1-event,Flood event window,2024-09-09,2024-09-20,80,False,2024-08-26,91.2,100.0,93.6,2
AOI-02,mae_sai_district,P2,mae_sai_2024,W1-event,Flood event window,2024-09-09,2024-09-20,80,False,2024-08-31,100.0,100.0,83.7,2
AOI-02,mae_sai_district,P2,mae_sai_2024,W1-event,Flood event window,2024-09-09,2024-09-20,80,False,2024-09-05,14.7,100.0,38.1,2
AOI-02,mae_sai_district,P2,mae_sai_2024,W1-event,Flood event window,2024-09-09,2024-09-20,80,True,2024-09-10,100.0,100.0,99.6,2
AOI-02,mae_sai_district,P2,mae_sai_2024,W1-event,Flood event window,2024-09-09,2024-09-20,80,False,2024-09-25,98.7,100.0,80.2,2
AOI-02,mae_sai_district,P2,mae_sai_2024,W1-event,Flood event window,2024-09-09,2024-09-20,80,False,2024-09-30,89.2,100.0,85.1,2
AOI-02,mae_sai_district,P2,mae_sai_2024,W2-pre,Pre-event clear baseline,2024-01-01,2024-02-15,10,True,2024-01-04,0.8,100.0,6.9,2
AOI-02,mae_sai_district,P2,mae_sai_2024,W2-pre,Pre-event clear baseline,2024-01-01,2024-02-15,10,True,2024-01-09,0.7,100.0,9.3,2
AOI-02,mae_sai_district,P2,mae_sai_2024,W2-pre,Pre-event clear baseline,2024-01-01,2024-02-15,10,True,2024-01-14,72.0,100.0,43.8,2
AOI-02,mae_sai_district,P2,mae_sai_2024,W2-pre,Pre-event clear baseline,2024-01-01,2024-02-15,10,True,2024-01-19,0.2,100.0,4.2,2
AOI-02,mae_sai_district,P2,mae_sai_2024,W2-pre,Pre-event clear baseline,2024-01-01,2024-02-15,10,True,2024-01-24,57.9,100.0,50.2,2
AOI-02,mae_sai_district,P2,mae_sai_2024,W2-pre,Pre-event clear baseline,2024-01-01,2024-02-15,10,True,2024-01-29,62.4,100.0,56.9,2
AOI-02,mae_sai_district,P2,mae_sai_2024,W2-pre,Pre-event clear baseline,2024-01-01,2024-02-15,10,True,2024-02-03,1.2,100.0,0.0,4
AOI-02,mae_sai_district,P2,mae_sai_2024,W2-pre,Pre-event clear baseline,2024-01-01,2024-02-15,10,True,2024-02-08,1.4,100.0,0.0,2
AOI-02,mae_sai_district,P2,mae_sai_2024,W2-pre,Pre-event clear baseline,2024-01-01,2024-02-15,10,True,2024-02-13,74.1,100.0,36.5,2
AOI-02,mae_sai_district,P2,mae_sai_2024,W3-post,Post-event clear baseline,2024-11-01,2025-01-31,10,True,2024-11-04,0.4,100.0,18.6,2
AOI-02,mae_sai_district,P2,mae_sai_2024,W3-post,Post-event clear baseline,2024-11-01,2025-01-31,10,True,2024-11-09,88.3,100.0,56.4,2
AOI-02,mae_sai_district,P2,mae_sai_2024,W3-post,Post-event clear baseline,2024-11-01,2025-01-31,10,True,2024-11-14,1.4,100.0,7.9,2
AOI-02,mae_sai_district,P2,mae_sai_2024,W3-post,Post-event clear baseline,2024-11-01,2025-01-31,10,True,2024-11-19,0.7,100.0,19.7,2
AOI-02,mae_sai_district,P2,mae_sai_2024,W3-post,Post-event clear baseline,2024-11-01,2025-01-31,10,True,2024-11-24,4.9,100.0,22.7,2
AOI-02,mae_sai_district,P2,mae_sai_2024,W3-post,Post-event clear baseline,2024-11-01,2025-01-31,10,True,2024-11-29,59.4,100.0,60.0,2
AOI-02,mae_sai_district,P2,mae_sai_2024,W3-post,Post-event clear baseline,2024-11-01,2025-01-31,10,True,2024-12-04,2.4,100.0,14.4,2
AOI-02,mae_sai_district,P2,mae_sai_2024,W3-post,Post-event clear baseline,2024-11-01,2025-01-31,10,True,2024-12-09,31.4,100.0,38.3,2
AOI-02,mae_sai_district,P2,mae_sai_2024,W3-post,Post-event clear baseline,2024-11-01,2025-01-31,10,True,2024-12-14,21.0,56.7,60.2,4
AOI-02,mae_sai_district,P2,mae_sai_2024,W3-post,Post-event clear baseline,2024-11-01,2025-01-31,10,True,2024-12-19,41.7,100.0,39.5,2
AOI-02,mae_sai_district,P2,mae_sai_2024,W3-post,Post-event clear baseline,2024-11-01,2025-01-31,10,True,2024-12-24,2.8,100.0,11.4,2
AOI-02,mae_sai_district,P2,mae_sai_2024,W3-post,Post-event clear baseline,2024-11-01,2025-01-31,10,True,2024-12-29,17.0,100.0,12.1,2
AOI-02,mae_sai_district,P2,mae_sai_2024,W3-post,Post-event clear baseline,2024-11-01,2025-01-31,10,True,2025-01-03,0.3,100.0,6.7,2
AOI-02,mae_sai_district,P2,mae_sai_2024,W3-post,Post-event clear baseline,2024-11-01,2025-01-31,10,True,2025-01-13,0.0,100.0,0.5,2
AOI-02,mae_sai_district,P2,mae_sai_2024,W3-post,Post-event clear baseline,2024-11-01,2025-01-31,10,True,2025-01-18,0.1,100.0,0.6,2
AOI-02,mae_sai_district,P2,mae_sai_2024,W3-post,Post-event clear baseline,2024-11-01,2025-01-31,10,True,2025-01-23,0.0,100.0,1.9,2
AOI-02,mae_sai_district,P2,mae_sai_2024,W3-post,Post-event clear baseline,2024-11-01,2025-01-31,10,True,2025-01-28,1.4,100.0,24.9,2
AOI-03,hat_yai_core,P1,hat_yai_2025,W1-event,Flood event window,2025-11-19,2025-12-08,80,False,2025-11-06,99.6,100.0,98.1,1
AOI-03,hat_yai_core,P1,hat_yai_2025,W1-event,Flood event window,2025-11-19,2025-12-08,80,False,2025-11-11,100.0,100.0,100.0,1
AOI-03,hat_yai_core,P1,hat_yai_2025,W1-event,Flood event window,2025-11-19,2025-12-08,80,False,2025-11-13,99.5,100.0,69.7,1
AOI-03,hat_yai_core,P1,hat_yai_2025,W1-event,Flood event window,2025-11-19,2025-12-08,80,False,2025-11-16,100.0,100.0,99.2,1
AOI-03,hat_yai_core,P1,hat_yai_2025,W1-event,Flood event window,2025-11-19,2025-12-08,80,True,2025-11-21,100.0,100.0,100.0,1
AOI-03,hat_yai_core,P1,hat_yai_2025,W1-event,Flood event window,2025-11-19,2025-12-08,80,True,2025-11-26,100.0,100.0,99.9,1
AOI-03,hat_yai_core,P1,hat_yai_2025,W1-event,Flood event window,2025-11-19,2025-12-08,80,True,2025-12-01,63.8,100.0,27.6,1
AOI-03,hat_yai_core,P1,hat_yai_2025,W1-event,Flood event window,2025-11-19,2025-12-08,80,True,2025-12-03,39.3,100.0,27.9,1
AOI-03,hat_yai_core,P1,hat_yai_2025,W1-event,Flood event window,2025-11-19,2025-12-08,80,True,2025-12-06,85.5,100.0,73.6,1
AOI-03,hat_yai_core,P1,hat_yai_2025,W1-event,Flood event window,2025-11-19,2025-12-08,80,False,2025-12-11,99.2,100.0,94.8,1
AOI-03,hat_yai_core,P1,hat_yai_2025,W1-event,Flood event window,2025-11-19,2025-12-08,80,False,2025-12-16,94.3,100.0,78.0,1
AOI-03,hat_yai_core,P1,hat_yai_2025,W1-event,Flood event window,2025-11-19,2025-12-08,80,False,2025-12-21,80.0,100.0,53.2,1
AOI-03,hat_yai_core,P1,hat_yai_2025,W2-pre,Pre-event clear baseline,2025-03-01,2025-07-31,10,True,2025-03-01,51.8,100.0,42.4,1
AOI-03,hat_yai_core,P1,hat_yai_2025,W2-pre,Pre-event clear baseline,2025-03-01,2025-07-31,10,True,2025-03-06,46.2,100.0,41.0,1
AOI-03,hat_yai_core,P1,hat_yai_2025,W2-pre,Pre-event clear baseline,2025-03-01,2025-07-31,10,True,2025-03-11,40.6,100.0,69.6,1
AOI-03,hat_yai_core,P1,hat_yai_2025,W2-pre,Pre-event clear baseline,2025-03-01,2025-07-31,10,True,2025-03-16,48.7,100.0,34.9,1
AOI-03,hat_yai_core,P1,hat_yai_2025,W2-pre,Pre-event clear baseline,2025-03-01,2025-07-31,10,True,2025-03-18,51.7,100.0,49.6,1
AOI-03,hat_yai_core,P1,hat_yai_2025,W2-pre,Pre-event clear baseline,2025-03-01,2025-07-31,10,True,2025-03-21,97.8,100.0,78.1,1
AOI-03,hat_yai_core,P1,hat_yai_2025,W2-pre,Pre-event clear baseline,2025-03-01,2025-07-31,10,True,2025-03-26,72.8,100.0,22.9,1
AOI-03,hat_yai_core,P1,hat_yai_2025,W2-pre,Pre-event clear baseline,2025-03-01,2025-07-31,10,True,2025-03-31,3.0,100.0,23.0,1
AOI-03,hat_yai_core,P1,hat_yai_2025,W2-pre,Pre-event clear baseline,2025-03-01,2025-07-31,10,True,2025-04-05,99.2,100.0,45.2,1
AOI-03,hat_yai_core,P1,hat_yai_2025,W2-pre,Pre-event clear baseline,2025-03-01,2025-07-31,10,True,2025-04-07,36.8,100.0,70.3,1
AOI-03,hat_yai_core,P1,hat_yai_2025,W2-pre,Pre-event clear baseline,2025-03-01,2025-07-31,10,True,2025-04-10,59.8,100.0,69.3,1
AOI-03,hat_yai_core,P1,hat_yai_2025,W2-pre,Pre-event clear baseline,2025-03-01,2025-07-31,10,True,2025-04-15,99.9,100.0,81.4,1
AOI-03,hat_yai_core,P1,hat_yai_2025,W2-pre,Pre-event clear baseline,2025-03-01,2025-07-31,10,True,2025-04-20,59.9,100.0,34.3,1
AOI-03,hat_yai_core,P1,hat_yai_2025,W2-pre,Pre-event clear baseline,2025-03-01,2025-07-31,10,True,2025-04-25,56.6,100.0,32.2,1
AOI-03,hat_yai_core,P1,hat_yai_2025,W2-pre,Pre-event clear baseline,2025-03-01,2025-07-31,10,True,2025-04-27,97.8,100.0,51.1,1
AOI-03,hat_yai_core,P1,hat_yai_2025,W2-pre,Pre-event clear baseline,2025-03-01,2025-07-31,10,True,2025-04-30,28.6,100.0,32.6,1
AOI-03,hat_yai_core,P1,hat_yai_2025,W2-pre,Pre-event clear baseline,2025-03-01,2025-07-31,10,True,2025-05-05,99.9,100.0,100.0,1
AOI-03,hat_yai_core,P1,hat_yai_2025,W2-pre,Pre-event clear baseline,2025-03-01,2025-07-31,10,True,2025-05-10,99.9,100.0,99.3,1
AOI-03,hat_yai_core,P1,hat_yai_2025,W2-pre,Pre-event clear baseline,2025-03-01,2025-07-31,10,True,2025-05-15,100.0,100.0,100.0,1
AOI-03,hat_yai_core,P1,hat_yai_2025,W2-pre,Pre-event clear baseline,2025-03-01,2025-07-31,10,True,2025-05-17,63.9,100.0,72.8,1
AOI-03,hat_yai_core,P1,hat_yai_2025,W2-pre,Pre-event clear baseline,2025-03-01,2025-07-31,10,True,2025-05-20,91.0,100.0,60.7,1
AOI-03,hat_yai_core,P1,hat_yai_2025,W2-pre,Pre-event clear baseline,2025-03-01,2025-07-31,10,True,2025-05-25,100.0,100.0,100.0,1
AOI-03,hat_yai_core,P1,hat_yai_2025,W2-pre,Pre-event clear baseline,2025-03-01,2025-07-31,10,True,2025-05-30,85.9,100.0,77.3,1
AOI-03,hat_yai_core,P1,hat_yai_2025,W2-pre,Pre-event clear baseline,2025-03-01,2025-07-31,10,True,2025-06-04,70.3,100.0,65.7,1
AOI-03,hat_yai_core,P1,hat_yai_2025,W2-pre,Pre-event clear baseline,2025-03-01,2025-07-31,10,True,2025-06-06,100.0,100.0,93.6,1
AOI-03,hat_yai_core,P1,hat_yai_2025,W2-pre,Pre-event clear baseline,2025-03-01,2025-07-31,10,True,2025-06-09,64.3,100.0,83.8,1
AOI-03,hat_yai_core,P1,hat_yai_2025,W2-pre,Pre-event clear baseline,2025-03-01,2025-07-31,10,True,2025-06-14,100.0,100.0,100.0,1
AOI-03,hat_yai_core,P1,hat_yai_2025,W2-pre,Pre-event clear baseline,2025-03-01,2025-07-31,10,True,2025-06-19,100.0,100.0,91.3,1
AOI-03,hat_yai_core,P1,hat_yai_2025,W2-pre,Pre-event clear baseline,2025-03-01,2025-07-31,10,True,2025-06-24,41.2,100.0,52.5,1
AOI-03,hat_yai_core,P1,hat_yai_2025,W2-pre,Pre-event clear baseline,2025-03-01,2025-07-31,10,True,2025-06-26,100.0,100.0,91.9,1
AOI-03,hat_yai_core,P1,hat_yai_2025,W2-pre,Pre-event clear baseline,2025-03-01,2025-07-31,10,True,2025-06-29,21.9,100.0,31.6,1
AOI-03,hat_yai_core,P1,hat_yai_2025,W2-pre,Pre-event clear baseline,2025-03-01,2025-07-31,10,True,2025-07-04,82.0,100.0,48.1,1
AOI-03,hat_yai_core,P1,hat_yai_2025,W2-pre,Pre-event clear baseline,2025-03-01,2025-07-31,10,True,2025-07-09,47.4,100.0,85.7,1
AOI-03,hat_yai_core,P1,hat_yai_2025,W2-pre,Pre-event clear baseline,2025-03-01,2025-07-31,10,True,2025-07-14,14.4,100.0,12.1,1
AOI-03,hat_yai_core,P1,hat_yai_2025,W2-pre,Pre-event clear baseline,2025-03-01,2025-07-31,10,True,2025-07-16,100.0,100.0,99.0,1
AOI-03,hat_yai_core,P1,hat_yai_2025,W2-pre,Pre-event clear baseline,2025-03-01,2025-07-31,10,True,2025-07-19,100.0,100.0,77.8,1
AOI-03,hat_yai_core,P1,hat_yai_2025,W2-pre,Pre-event clear baseline,2025-03-01,2025-07-31,10,True,2025-07-24,48.9,100.0,48.2,1
AOI-03,hat_yai_core,P1,hat_yai_2025,W2-pre,Pre-event clear baseline,2025-03-01,2025-07-31,10,True,2025-07-29,54.0,100.0,38.5,1
AOI-03,hat_yai_core,P1,hat_yai_2025,W3-post,Post-event clear baseline,2026-02-01,2026-06-30,10,True,2026-02-04,72.5,100.0,38.4,1
AOI-03,hat_yai_core,P1,hat_yai_2025,W3-post,Post-event clear baseline,2026-02-01,2026-06-30,10,True,2026-02-09,33.4,100.0,10.6,1
AOI-03,hat_yai_core,P1,hat_yai_2025,W3-post,Post-event clear baseline,2026-02-01,2026-06-30,10,True,2026-02-14,100.0,100.0,92.5,1
AOI-03,hat_yai_core,P1,hat_yai_2025,W3-post,Post-event clear baseline,2026-02-01,2026-06-30,10,True,2026-02-19,99.7,100.0,100.0,1
AOI-03,hat_yai_core,P1,hat_yai_2025,W3-post,Post-event clear baseline,2026-02-01,2026-06-30,10,True,2026-02-24,24.4,100.0,45.4,1
AOI-03,hat_yai_core,P1,hat_yai_2025,W3-post,Post-event clear baseline,2026-02-01,2026-06-30,10,True,2026-03-01,10.4,100.0,17.0,1
AOI-03,hat_yai_core,P1,hat_yai_2025,W3-post,Post-event clear baseline,2026-02-01,2026-06-30,10,True,2026-03-06,70.5,100.0,79.9,1
AOI-03,hat_yai_core,P1,hat_yai_2025,W3-post,Post-event clear baseline,2026-02-01,2026-06-30,10,True,2026-03-11,75.7,100.0,54.9,1
AOI-03,hat_yai_core,P1,hat_yai_2025,W3-post,Post-event clear baseline,2026-02-01,2026-06-30,10,True,2026-03-13,13.2,100.0,25.1,1
AOI-03,hat_yai_core,P1,hat_yai_2025,W3-post,Post-event clear baseline,2026-02-01,2026-06-30,10,True,2026-03-16,32.7,100.0,20.4,1
AOI-03,hat_yai_core,P1,hat_yai_2025,W3-post,Post-event clear baseline,2026-02-01,2026-06-30,10,True,2026-03-21,0.2,100.0,3.2,1
AOI-03,hat_yai_core,P1,hat_yai_2025,W3-post,Post-event clear baseline,2026-02-01,2026-06-30,10,True,2026-03-26,0.2,100.0,10.7,1
AOI-03,hat_yai_core,P1,hat_yai_2025,W3-post,Post-event clear baseline,2026-02-01,2026-06-30,10,True,2026-03-31,41.9,100.0,50.6,1
AOI-03,hat_yai_core,P1,hat_yai_2025,W3-post,Post-event clear baseline,2026-02-01,2026-06-30,10,True,2026-04-05,4.0,100.0,22.4,1
AOI-03,hat_yai_core,P1,hat_yai_2025,W3-post,Post-event clear baseline,2026-02-01,2026-06-30,10,True,2026-04-10,30.7,100.0,37.4,1
AOI-03,hat_yai_core,P1,hat_yai_2025,W3-post,Post-event clear baseline,2026-02-01,2026-06-30,10,True,2026-04-12,0.1,100.0,25.4,1
AOI-03,hat_yai_core,P1,hat_yai_2025,W3-post,Post-event clear baseline,2026-02-01,2026-06-30,10,True,2026-04-15,25.6,100.0,26.0,1
AOI-03,hat_yai_core,P1,hat_yai_2025,W3-post,Post-event clear baseline,2026-02-01,2026-06-30,10,True,2026-04-20,74.2,100.0,18.4,1
AOI-03,hat_yai_core,P1,hat_yai_2025,W3-post,Post-event clear baseline,2026-02-01,2026-06-30,10,True,2026-04-25,38.0,100.0,24.7,1
AOI-03,hat_yai_core,P1,hat_yai_2025,W3-post,Post-event clear baseline,2026-02-01,2026-06-30,10,True,2026-04-30,30.1,100.0,12.1,1
AOI-03,hat_yai_core,P1,hat_yai_2025,W3-post,Post-event clear baseline,2026-02-01,2026-06-30,10,True,2026-05-02,91.9,100.0,50.6,1
AOI-03,hat_yai_core,P1,hat_yai_2025,W3-post,Post-event clear baseline,2026-02-01,2026-06-30,10,True,2026-05-05,100.0,100.0,88.4,1
AOI-03,hat_yai_core,P1,hat_yai_2025,W3-post,Post-event clear baseline,2026-02-01,2026-06-30,10,True,2026-05-10,86.1,100.0,85.9,1
AOI-03,hat_yai_core,P1,hat_yai_2025,W3-post,Post-event clear baseline,2026-02-01,2026-06-30,10,True,2026-05-15,96.4,100.0,82.4,1
AOI-03,hat_yai_core,P1,hat_yai_2025,W3-post,Post-event clear baseline,2026-02-01,2026-06-30,10,True,2026-05-22,99.7,100.0,69.4,1
AOI-03,hat_yai_core,P1,hat_yai_2025,W3-post,Post-event clear baseline,2026-02-01,2026-06-30,10,True,2026-05-25,61.2,100.0,27.9,1
AOI-03,hat_yai_core,P1,hat_yai_2025,W3-post,Post-event clear baseline,2026-02-01,2026-06-30,10,True,2026-06-09,99.9,100.0,100.0,1
AOI-03,hat_yai_core,P1,hat_yai_2025,W3-post,Post-event clear baseline,2026-02-01,2026-06-30,10,True,2026-06-11,100.0,100.0,100.0,1
AOI-03,hat_yai_core,P1,hat_yai_2025,W3-post,Post-event clear baseline,2026-02-01,2026-06-30,10,True,2026-06-14,73.2,100.0,32.4,1
AOI-03,hat_yai_core,P1,hat_yai_2025,W3-post,Post-event clear baseline,2026-02-01,2026-06-30,10,True,2026-06-19,87.6,100.0,50.1,1
AOI-03,hat_yai_core,P1,hat_yai_2025,W3-post,Post-event clear baseline,2026-02-01,2026-06-30,10,True,2026-06-24,97.9,100.0,60.4,1
AOI-03,hat_yai_core,P1,hat_yai_2025,W3-post,Post-event clear baseline,2026-02-01,2026-06-30,10,True,2026-06-29,100.0,100.0,100.0,1
AOI-04,hat_yai_basin,P3,hat_yai_2025,W1-event,Flood event window,2025-11-19,2025-12-08,80,False,2025-11-06,99.1,100.0,98.1,1
AOI-04,hat_yai_basin,P3,hat_yai_2025,W1-event,Flood event window,2025-11-19,2025-12-08,80,False,2025-11-11,99.8,100.0,100.0,1
AOI-04,hat_yai_basin,P3,hat_yai_2025,W1-event,Flood event window,2025-11-19,2025-12-08,80,False,2025-11-13,93.7,100.0,69.7,1
AOI-04,hat_yai_basin,P3,hat_yai_2025,W1-event,Flood event window,2025-11-19,2025-12-08,80,False,2025-11-16,99.9,100.0,99.2,1
AOI-04,hat_yai_basin,P3,hat_yai_2025,W1-event,Flood event window,2025-11-19,2025-12-08,80,True,2025-11-21,100.0,100.0,100.0,1
AOI-04,hat_yai_basin,P3,hat_yai_2025,W1-event,Flood event window,2025-11-19,2025-12-08,80,True,2025-11-26,100.0,100.0,99.9,1
AOI-04,hat_yai_basin,P3,hat_yai_2025,W1-event,Flood event window,2025-11-19,2025-12-08,80,True,2025-12-01,50.7,100.0,27.6,1
AOI-04,hat_yai_basin,P3,hat_yai_2025,W1-event,Flood event window,2025-11-19,2025-12-08,80,True,2025-12-03,40.2,100.0,27.9,1
AOI-04,hat_yai_basin,P3,hat_yai_2025,W1-event,Flood event window,2025-11-19,2025-12-08,80,True,2025-12-06,81.0,100.0,73.6,1
AOI-04,hat_yai_basin,P3,hat_yai_2025,W1-event,Flood event window,2025-11-19,2025-12-08,80,False,2025-12-11,97.6,100.0,94.8,1
AOI-04,hat_yai_basin,P3,hat_yai_2025,W1-event,Flood event window,2025-11-19,2025-12-08,80,False,2025-12-16,86.7,100.0,78.0,1
AOI-04,hat_yai_basin,P3,hat_yai_2025,W1-event,Flood event window,2025-11-19,2025-12-08,80,False,2025-12-21,73.0,100.0,53.2,1
AOI-04,hat_yai_basin,P3,hat_yai_2025,W2-pre,Pre-event clear baseline,2025-03-01,2025-07-31,10,True,2025-03-01,59.0,100.0,42.4,1
AOI-04,hat_yai_basin,P3,hat_yai_2025,W2-pre,Pre-event clear baseline,2025-03-01,2025-07-31,10,True,2025-03-06,45.0,100.0,41.0,1
AOI-04,hat_yai_basin,P3,hat_yai_2025,W2-pre,Pre-event clear baseline,2025-03-01,2025-07-31,10,True,2025-03-11,60.3,100.0,69.6,1
AOI-04,hat_yai_basin,P3,hat_yai_2025,W2-pre,Pre-event clear baseline,2025-03-01,2025-07-31,10,True,2025-03-16,49.6,100.0,34.9,1
AOI-04,hat_yai_basin,P3,hat_yai_2025,W2-pre,Pre-event clear baseline,2025-03-01,2025-07-31,10,True,2025-03-18,60.2,100.0,49.6,1
AOI-04,hat_yai_basin,P3,hat_yai_2025,W2-pre,Pre-event clear baseline,2025-03-01,2025-07-31,10,True,2025-03-21,94.0,100.0,78.1,1
AOI-04,hat_yai_basin,P3,hat_yai_2025,W2-pre,Pre-event clear baseline,2025-03-01,2025-07-31,10,True,2025-03-26,60.9,100.0,22.9,1
AOI-04,hat_yai_basin,P3,hat_yai_2025,W2-pre,Pre-event clear baseline,2025-03-01,2025-07-31,10,True,2025-03-31,5.6,100.0,23.0,1
AOI-04,hat_yai_basin,P3,hat_yai_2025,W2-pre,Pre-event clear baseline,2025-03-01,2025-07-31,10,True,2025-04-05,89.0,100.0,45.2,1
AOI-04,hat_yai_basin,P3,hat_yai_2025,W2-pre,Pre-event clear baseline,2025-03-01,2025-07-31,10,True,2025-04-07,41.0,100.0,70.3,1
AOI-04,hat_yai_basin,P3,hat_yai_2025,W2-pre,Pre-event clear baseline,2025-03-01,2025-07-31,10,True,2025-04-10,49.7,100.0,69.3,1
AOI-04,hat_yai_basin,P3,hat_yai_2025,W2-pre,Pre-event clear baseline,2025-03-01,2025-07-31,10,True,2025-04-15,95.2,100.0,81.4,1
AOI-04,hat_yai_basin,P3,hat_yai_2025,W2-pre,Pre-event clear baseline,2025-03-01,2025-07-31,10,True,2025-04-20,54.3,100.0,34.3,1
AOI-04,hat_yai_basin,P3,hat_yai_2025,W2-pre,Pre-event clear baseline,2025-03-01,2025-07-31,10,True,2025-04-25,42.8,100.0,32.2,1
AOI-04,hat_yai_basin,P3,hat_yai_2025,W2-pre,Pre-event clear baseline,2025-03-01,2025-07-31,10,True,2025-04-27,86.0,100.0,51.1,1
AOI-04,hat_yai_basin,P3,hat_yai_2025,W2-pre,Pre-event clear baseline,2025-03-01,2025-07-31,10,True,2025-04-30,35.2,100.0,32.6,1
AOI-04,hat_yai_basin,P3,hat_yai_2025,W2-pre,Pre-event clear baseline,2025-03-01,2025-07-31,10,True,2025-05-05,98.5,100.0,100.0,1
AOI-04,hat_yai_basin,P3,hat_yai_2025,W2-pre,Pre-event clear baseline,2025-03-01,2025-07-31,10,True,2025-05-10,96.7,100.0,99.3,1
AOI-04,hat_yai_basin,P3,hat_yai_2025,W2-pre,Pre-event clear baseline,2025-03-01,2025-07-31,10,True,2025-05-15,99.8,100.0,100.0,1
AOI-04,hat_yai_basin,P3,hat_yai_2025,W2-pre,Pre-event clear baseline,2025-03-01,2025-07-31,10,True,2025-05-17,54.0,100.0,72.8,1
AOI-04,hat_yai_basin,P3,hat_yai_2025,W2-pre,Pre-event clear baseline,2025-03-01,2025-07-31,10,True,2025-05-20,63.6,100.0,60.7,1
AOI-04,hat_yai_basin,P3,hat_yai_2025,W2-pre,Pre-event clear baseline,2025-03-01,2025-07-31,10,True,2025-05-25,100.0,100.0,100.0,1
AOI-04,hat_yai_basin,P3,hat_yai_2025,W2-pre,Pre-event clear baseline,2025-03-01,2025-07-31,10,True,2025-05-30,87.1,100.0,77.3,1
AOI-04,hat_yai_basin,P3,hat_yai_2025,W2-pre,Pre-event clear baseline,2025-03-01,2025-07-31,10,True,2025-06-04,83.4,100.0,65.7,1
AOI-04,hat_yai_basin,P3,hat_yai_2025,W2-pre,Pre-event clear baseline,2025-03-01,2025-07-31,10,True,2025-06-06,100.0,100.0,93.6,1
AOI-04,hat_yai_basin,P3,hat_yai_2025,W2-pre,Pre-event clear baseline,2025-03-01,2025-07-31,10,True,2025-06-09,62.9,100.0,83.8,1
AOI-04,hat_yai_basin,P3,hat_yai_2025,W2-pre,Pre-event clear baseline,2025-03-01,2025-07-31,10,True,2025-06-14,100.0,100.0,100.0,1
AOI-04,hat_yai_basin,P3,hat_yai_2025,W2-pre,Pre-event clear baseline,2025-03-01,2025-07-31,10,True,2025-06-19,97.8,100.0,91.3,1
AOI-04,hat_yai_basin,P3,hat_yai_2025,W2-pre,Pre-event clear baseline,2025-03-01,2025-07-31,10,True,2025-06-24,43.8,100.0,52.5,1
AOI-04,hat_yai_basin,P3,hat_yai_2025,W2-pre,Pre-event clear baseline,2025-03-01,2025-07-31,10,True,2025-06-26,99.7,100.0,91.9,1
AOI-04,hat_yai_basin,P3,hat_yai_2025,W2-pre,Pre-event clear baseline,2025-03-01,2025-07-31,10,True,2025-06-29,25.9,100.0,31.6,1
AOI-04,hat_yai_basin,P3,hat_yai_2025,W2-pre,Pre-event clear baseline,2025-03-01,2025-07-31,10,True,2025-07-04,61.2,100.0,48.1,1
AOI-04,hat_yai_basin,P3,hat_yai_2025,W2-pre,Pre-event clear baseline,2025-03-01,2025-07-31,10,True,2025-07-09,61.2,100.0,85.7,1
AOI-04,hat_yai_basin,P3,hat_yai_2025,W2-pre,Pre-event clear baseline,2025-03-01,2025-07-31,10,True,2025-07-14,6.8,100.0,12.1,1
AOI-04,hat_yai_basin,P3,hat_yai_2025,W2-pre,Pre-event clear baseline,2025-03-01,2025-07-31,10,True,2025-07-16,100.0,100.0,99.0,1
AOI-04,hat_yai_basin,P3,hat_yai_2025,W2-pre,Pre-event clear baseline,2025-03-01,2025-07-31,10,True,2025-07-19,100.0,100.0,77.8,1
AOI-04,hat_yai_basin,P3,hat_yai_2025,W2-pre,Pre-event clear baseline,2025-03-01,2025-07-31,10,True,2025-07-24,27.5,100.0,48.2,1
AOI-04,hat_yai_basin,P3,hat_yai_2025,W2-pre,Pre-event clear baseline,2025-03-01,2025-07-31,10,True,2025-07-29,52.7,100.0,38.5,1
AOI-04,hat_yai_basin,P3,hat_yai_2025,W3-post,Post-event clear baseline,2026-02-01,2026-06-30,10,True,2026-02-04,66.6,100.0,38.4,1
AOI-04,hat_yai_basin,P3,hat_yai_2025,W3-post,Post-event clear baseline,2026-02-01,2026-06-30,10,True,2026-02-09,33.2,100.0,10.6,1
AOI-04,hat_yai_basin,P3,hat_yai_2025,W3-post,Post-event clear baseline,2026-02-01,2026-06-30,10,True,2026-02-14,100.0,100.0,92.5,1
AOI-04,hat_yai_basin,P3,hat_yai_2025,W3-post,Post-event clear baseline,2026-02-01,2026-06-30,10,True,2026-02-19,97.5,100.0,100.0,1
AOI-04,hat_yai_basin,P3,hat_yai_2025,W3-post,Post-event clear baseline,2026-02-01,2026-06-30,10,True,2026-02-24,27.6,100.0,45.4,1
AOI-04,hat_yai_basin,P3,hat_yai_2025,W3-post,Post-event clear baseline,2026-02-01,2026-06-30,10,True,2026-03-01,15.4,100.0,17.0,1
AOI-04,hat_yai_basin,P3,hat_yai_2025,W3-post,Post-event clear baseline,2026-02-01,2026-06-30,10,True,2026-03-06,64.7,100.0,79.9,1
AOI-04,hat_yai_basin,P3,hat_yai_2025,W3-post,Post-event clear baseline,2026-02-01,2026-06-30,10,True,2026-03-11,75.9,100.0,54.9,1
AOI-04,hat_yai_basin,P3,hat_yai_2025,W3-post,Post-event clear baseline,2026-02-01,2026-06-30,10,True,2026-03-13,40.7,100.0,25.1,1
AOI-04,hat_yai_basin,P3,hat_yai_2025,W3-post,Post-event clear baseline,2026-02-01,2026-06-30,10,True,2026-03-16,41.1,100.0,20.4,1
AOI-04,hat_yai_basin,P3,hat_yai_2025,W3-post,Post-event clear baseline,2026-02-01,2026-06-30,10,True,2026-03-21,0.6,100.0,3.2,1
AOI-04,hat_yai_basin,P3,hat_yai_2025,W3-post,Post-event clear baseline,2026-02-01,2026-06-30,10,True,2026-03-26,2.9,100.0,10.7,1
AOI-04,hat_yai_basin,P3,hat_yai_2025,W3-post,Post-event clear baseline,2026-02-01,2026-06-30,10,True,2026-03-31,63.9,100.0,50.6,1
AOI-04,hat_yai_basin,P3,hat_yai_2025,W3-post,Post-event clear baseline,2026-02-01,2026-06-30,10,True,2026-04-05,3.8,100.0,22.4,1
AOI-04,hat_yai_basin,P3,hat_yai_2025,W3-post,Post-event clear baseline,2026-02-01,2026-06-30,10,True,2026-04-10,31.3,100.0,37.4,1
AOI-04,hat_yai_basin,P3,hat_yai_2025,W3-post,Post-event clear baseline,2026-02-01,2026-06-30,10,True,2026-04-12,1.7,100.0,25.4,1
AOI-04,hat_yai_basin,P3,hat_yai_2025,W3-post,Post-event clear baseline,2026-02-01,2026-06-30,10,True,2026-04-15,22.9,100.0,26.0,1
AOI-04,hat_yai_basin,P3,hat_yai_2025,W3-post,Post-event clear baseline,2026-02-01,2026-06-30,10,True,2026-04-20,57.6,50.4,19.0,2
AOI-04,hat_yai_basin,P3,hat_yai_2025,W3-post,Post-event clear baseline,2026-02-01,2026-06-30,10,True,2026-04-25,18.9,100.0,24.7,1
AOI-04,hat_yai_basin,P3,hat_yai_2025,W3-post,Post-event clear baseline,2026-02-01,2026-06-30,10,True,2026-04-30,23.9,100.0,12.1,1
AOI-04,hat_yai_basin,P3,hat_yai_2025,W3-post,Post-event clear baseline,2026-02-01,2026-06-30,10,True,2026-05-02,81.5,100.0,50.6,1
AOI-04,hat_yai_basin,P3,hat_yai_2025,W3-post,Post-event clear baseline,2026-02-01,2026-06-30,10,True,2026-05-05,100.0,100.0,88.4,1
AOI-04,hat_yai_basin,P3,hat_yai_2025,W3-post,Post-event clear baseline,2026-02-01,2026-06-30,10,True,2026-05-10,87.0,100.0,85.9,1
AOI-04,hat_yai_basin,P3,hat_yai_2025,W3-post,Post-event clear baseline,2026-02-01,2026-06-30,10,True,2026-05-15,92.4,100.0,82.4,1
AOI-04,hat_yai_basin,P3,hat_yai_2025,W3-post,Post-event clear baseline,2026-02-01,2026-06-30,10,True,2026-05-22,95.9,100.0,69.4,1
AOI-04,hat_yai_basin,P3,hat_yai_2025,W3-post,Post-event clear baseline,2026-02-01,2026-06-30,10,True,2026-05-25,51.0,100.0,27.9,1
AOI-04,hat_yai_basin,P3,hat_yai_2025,W3-post,Post-event clear baseline,2026-02-01,2026-06-30,10,True,2026-06-09,99.1,100.0,100.0,1
AOI-04,hat_yai_basin,P3,hat_yai_2025,W3-post,Post-event clear baseline,2026-02-01,2026-06-30,10,True,2026-06-11,100.0,100.0,100.0,1
AOI-04,hat_yai_basin,P3,hat_yai_2025,W3-post,Post-event clear baseline,2026-02-01,2026-06-30,10,True,2026-06-14,57.8,100.0,32.4,1
AOI-04,hat_yai_basin,P3,hat_yai_2025,W3-post,Post-event clear baseline,2026-02-01,2026-06-30,10,True,2026-06-19,81.0,100.0,50.1,1
AOI-04,hat_yai_basin,P3,hat_yai_2025,W3-post,Post-event clear baseline,2026-02-01,2026-06-30,10,True,2026-06-24,93.0,100.0,60.4,1
AOI-04,hat_yai_basin,P3,hat_yai_2025,W3-post,Post-event clear baseline,2026-02-01,2026-06-30,10,True,2026-06-29,100.0,100.0,100.0,1
AOI-05,chao_phraya_bang_ban_sena,P2,chao_phraya_2024,W1-event,Flood event window 2024,2024-09-25,2024-11-15,80,False,2024-09-12,99.3,100.0,97.3,1
AOI-05,chao_phraya_bang_ban_sena,P2,chao_phraya_2024,W1-event,Flood event window 2024,2024-09-25,2024-11-15,80,False,2024-09-22,94.2,100.0,96.2,1
AOI-05,chao_phraya_bang_ban_sena,P2,chao_phraya_2024,W1-event,Flood event window 2024,2024-09-25,2024-11-15,80,True,2024-09-27,43.7,100.0,67.4,1
AOI-05,chao_phraya_bang_ban_sena,P2,chao_phraya_2024,W1-event,Flood event window 2024,2024-09-25,2024-11-15,80,True,2024-10-02,100.0,100.0,94.8,1
AOI-05,chao_phraya_bang_ban_sena,P2,chao_phraya_2024,W1-event,Flood event window 2024,2024-09-25,2024-11-15,80,True,2024-10-07,16.6,100.0,46.9,1
AOI-05,chao_phraya_bang_ban_sena,P2,chao_phraya_2024,W1-event,Flood event window 2024,2024-09-25,2024-11-15,80,True,2024-10-12,11.2,100.0,60.5,1
AOI-05,chao_phraya_bang_ban_sena,P2,chao_phraya_2024,W1-event,Flood event window 2024,2024-09-25,2024-11-15,80,True,2024-10-17,13.8,100.0,74.8,1
AOI-05,chao_phraya_bang_ban_sena,P2,chao_phraya_2024,W1-event,Flood event window 2024,2024-09-25,2024-11-15,80,True,2024-10-22,34.3,100.0,25.2,1
AOI-05,chao_phraya_bang_ban_sena,P2,chao_phraya_2024,W1-event,Flood event window 2024,2024-09-25,2024-11-15,80,True,2024-10-27,99.6,100.0,82.8,1
AOI-05,chao_phraya_bang_ban_sena,P2,chao_phraya_2024,W1-event,Flood event window 2024,2024-09-25,2024-11-15,80,True,2024-11-01,18.0,100.0,6.8,1
AOI-05,chao_phraya_bang_ban_sena,P2,chao_phraya_2024,W1-event,Flood event window 2024,2024-09-25,2024-11-15,80,True,2024-11-06,98.7,100.0,95.7,1
AOI-05,chao_phraya_bang_ban_sena,P2,chao_phraya_2024,W1-event,Flood event window 2024,2024-09-25,2024-11-15,80,True,2024-11-11,6.5,100.0,0.1,1
AOI-05,chao_phraya_bang_ban_sena,P2,chao_phraya_2024,W1-event,Flood event window 2024,2024-09-25,2024-11-15,80,False,2024-11-16,20.8,100.0,15.3,1
AOI-05,chao_phraya_bang_ban_sena,P2,chao_phraya_2024,W1-event,Flood event window 2024,2024-09-25,2024-11-15,80,False,2024-11-21,95.3,100.0,62.5,1
AOI-05,chao_phraya_bang_ban_sena,P2,chao_phraya_2024,W1-event,Flood event window 2024,2024-09-25,2024-11-15,80,False,2024-11-26,8.1,100.0,13.5,1
AOI-05,chao_phraya_bang_ban_sena,P2,chao_phraya_2024,W2-event,Flood event window 2025,2025-09-20,2025-11-10,80,False,2025-09-07,99.7,100.0,96.8,1
AOI-05,chao_phraya_bang_ban_sena,P2,chao_phraya_2024,W2-event,Flood event window 2025,2025-09-20,2025-11-10,80,False,2025-09-12,99.9,100.0,96.1,1
AOI-05,chao_phraya_bang_ban_sena,P2,chao_phraya_2024,W2-event,Flood event window 2025,2025-09-20,2025-11-10,80,False,2025-09-14,100.0,100.0,100.0,1
AOI-05,chao_phraya_bang_ban_sena,P2,chao_phraya_2024,W2-event,Flood event window 2025,2025-09-20,2025-11-10,80,False,2025-09-17,99.7,100.0,76.1,1
AOI-05,chao_phraya_bang_ban_sena,P2,chao_phraya_2024,W2-event,Flood event window 2025,2025-09-20,2025-11-10,80,True,2025-09-22,100.0,100.0,98.2,1
AOI-05,chao_phraya_bang_ban_sena,P2,chao_phraya_2024,W2-event,Flood event window 2025,2025-09-20,2025-11-10,80,True,2025-09-27,100.0,100.0,100.0,1
AOI-05,chao_phraya_bang_ban_sena,P2,chao_phraya_2024,W2-event,Flood event window 2025,2025-09-20,2025-11-10,80,True,2025-10-02,42.7,100.0,42.1,1
AOI-05,chao_phraya_bang_ban_sena,P2,chao_phraya_2024,W2-event,Flood event window 2025,2025-09-20,2025-11-10,80,True,2025-10-04,79.5,100.0,82.4,1
AOI-05,chao_phraya_bang_ban_sena,P2,chao_phraya_2024,W2-event,Flood event window 2025,2025-09-20,2025-11-10,80,True,2025-10-07,98.1,100.0,75.1,1
AOI-05,chao_phraya_bang_ban_sena,P2,chao_phraya_2024,W2-event,Flood event window 2025,2025-09-20,2025-11-10,80,True,2025-10-12,99.3,100.0,85.2,1
AOI-05,chao_phraya_bang_ban_sena,P2,chao_phraya_2024,W2-event,Flood event window 2025,2025-09-20,2025-11-10,80,True,2025-10-17,63.4,100.0,47.4,1
AOI-05,chao_phraya_bang_ban_sena,P2,chao_phraya_2024,W2-event,Flood event window 2025,2025-09-20,2025-11-10,80,True,2025-10-22,99.6,100.0,52.3,1
AOI-05,chao_phraya_bang_ban_sena,P2,chao_phraya_2024,W2-event,Flood event window 2025,2025-09-20,2025-11-10,80,True,2025-10-24,98.9,100.0,79.7,1
AOI-05,chao_phraya_bang_ban_sena,P2,chao_phraya_2024,W2-event,Flood event window 2025,2025-09-20,2025-11-10,80,True,2025-10-27,89.4,100.0,84.2,1
AOI-05,chao_phraya_bang_ban_sena,P2,chao_phraya_2024,W2-event,Flood event window 2025,2025-09-20,2025-11-10,80,True,2025-11-01,99.8,100.0,94.3,1
AOI-05,chao_phraya_bang_ban_sena,P2,chao_phraya_2024,W2-event,Flood event window 2025,2025-09-20,2025-11-10,80,True,2025-11-06,100.0,100.0,88.0,1
AOI-05,chao_phraya_bang_ban_sena,P2,chao_phraya_2024,W2-event,Flood event window 2025,2025-09-20,2025-11-10,80,False,2025-11-11,96.5,100.0,69.2,1
AOI-05,chao_phraya_bang_ban_sena,P2,chao_phraya_2024,W2-event,Flood event window 2025,2025-09-20,2025-11-10,80,False,2025-11-13,38.7,100.0,88.7,1
AOI-05,chao_phraya_bang_ban_sena,P2,chao_phraya_2024,W2-event,Flood event window 2025,2025-09-20,2025-11-10,80,False,2025-11-16,45.5,100.0,16.9,1
AOI-05,chao_phraya_bang_ban_sena,P2,chao_phraya_2024,W2-event,Flood event window 2025,2025-09-20,2025-11-10,80,False,2025-11-21,100.0,100.0,81.8,1
AOI-05,chao_phraya_bang_ban_sena,P2,chao_phraya_2024,W3-dry,Dry-season clear baseline,2025-01-01,2025-03-31,10,True,2025-01-05,1.6,100.0,15.3,1
AOI-05,chao_phraya_bang_ban_sena,P2,chao_phraya_2024,W3-dry,Dry-season clear baseline,2025-01-01,2025-03-31,10,True,2025-01-10,2.1,100.0,0.0,1
AOI-05,chao_phraya_bang_ban_sena,P2,chao_phraya_2024,W3-dry,Dry-season clear baseline,2025-01-01,2025-03-31,10,True,2025-01-15,1.9,100.0,0.0,1
AOI-05,chao_phraya_bang_ban_sena,P2,chao_phraya_2024,W3-dry,Dry-season clear baseline,2025-01-01,2025-03-31,10,True,2025-01-20,1.2,100.0,36.4,1
AOI-05,chao_phraya_bang_ban_sena,P2,chao_phraya_2024,W3-dry,Dry-season clear baseline,2025-01-01,2025-03-31,10,True,2025-01-25,11.4,100.0,19.0,1
AOI-05,chao_phraya_bang_ban_sena,P2,chao_phraya_2024,W3-dry,Dry-season clear baseline,2025-01-01,2025-03-31,10,True,2025-01-30,1.2,100.0,43.3,1
AOI-05,chao_phraya_bang_ban_sena,P2,chao_phraya_2024,W3-dry,Dry-season clear baseline,2025-01-01,2025-03-31,10,True,2025-02-04,20.9,100.0,51.0,1
AOI-05,chao_phraya_bang_ban_sena,P2,chao_phraya_2024,W3-dry,Dry-season clear baseline,2025-01-01,2025-03-31,10,True,2025-02-09,12.6,100.0,2.6,1
AOI-05,chao_phraya_bang_ban_sena,P2,chao_phraya_2024,W3-dry,Dry-season clear baseline,2025-01-01,2025-03-31,10,True,2025-02-14,1.2,100.0,4.2,1
AOI-05,chao_phraya_bang_ban_sena,P2,chao_phraya_2024,W3-dry,Dry-season clear baseline,2025-01-01,2025-03-31,10,True,2025-02-19,14.0,100.0,46.3,1
AOI-05,chao_phraya_bang_ban_sena,P2,chao_phraya_2024,W3-dry,Dry-season clear baseline,2025-01-01,2025-03-31,10,True,2025-02-24,100.0,100.0,99.9,1
AOI-05,chao_phraya_bang_ban_sena,P2,chao_phraya_2024,W3-dry,Dry-season clear baseline,2025-01-01,2025-03-31,10,True,2025-03-01,2.9,100.0,15.8,1
AOI-05,chao_phraya_bang_ban_sena,P2,chao_phraya_2024,W3-dry,Dry-season clear baseline,2025-01-01,2025-03-31,10,True,2025-03-06,54.6,100.0,15.6,1
AOI-05,chao_phraya_bang_ban_sena,P2,chao_phraya_2024,W3-dry,Dry-season clear baseline,2025-01-01,2025-03-31,10,True,2025-03-11,35.9,100.0,48.2,1
AOI-05,chao_phraya_bang_ban_sena,P2,chao_phraya_2024,W3-dry,Dry-season clear baseline,2025-01-01,2025-03-31,10,True,2025-03-16,1.3,100.0,16.7,1
AOI-05,chao_phraya_bang_ban_sena,P2,chao_phraya_2024,W3-dry,Dry-season clear baseline,2025-01-01,2025-03-31,10,True,2025-03-18,49.5,100.0,53.2,1
AOI-05,chao_phraya_bang_ban_sena,P2,chao_phraya_2024,W3-dry,Dry-season clear baseline,2025-01-01,2025-03-31,10,True,2025-03-21,98.4,100.0,95.5,1
AOI-05,chao_phraya_bang_ban_sena,P2,chao_phraya_2024,W3-dry,Dry-season clear baseline,2025-01-01,2025-03-31,10,True,2025-03-26,56.9,100.0,40.1,1
AOI-05,chao_phraya_bang_ban_sena,P2,chao_phraya_2024,W3-dry,Dry-season clear baseline,2025-01-01,2025-03-31,10,True,2025-03-31,100.0,100.0,100.0,1
AOI-06,chao_phraya_rangsit,P3,chao_phraya_2024,W1-event,Flood event window 2024,2024-09-25,2024-11-15,80,False,2024-09-12,100.0,100.0,97.3,1
AOI-06,chao_phraya_rangsit,P3,chao_phraya_2024,W1-event,Flood event window 2024,2024-09-25,2024-11-15,80,False,2024-09-22,100.0,100.0,96.2,1
AOI-06,chao_phraya_rangsit,P3,chao_phraya_2024,W1-event,Flood event window 2024,2024-09-25,2024-11-15,80,True,2024-09-27,99.8,100.0,67.4,1
AOI-06,chao_phraya_rangsit,P3,chao_phraya_2024,W1-event,Flood event window 2024,2024-09-25,2024-11-15,80,True,2024-10-02,88.9,100.0,94.8,1
AOI-06,chao_phraya_rangsit,P3,chao_phraya_2024,W1-event,Flood event window 2024,2024-09-25,2024-11-15,80,True,2024-10-07,73.4,100.0,46.9,1
AOI-06,chao_phraya_rangsit,P3,chao_phraya_2024,W1-event,Flood event window 2024,2024-09-25,2024-11-15,80,True,2024-10-12,91.2,100.0,60.5,1
AOI-06,chao_phraya_rangsit,P3,chao_phraya_2024,W1-event,Flood event window 2024,2024-09-25,2024-11-15,80,True,2024-10-17,88.4,100.0,74.8,1
AOI-06,chao_phraya_rangsit,P3,chao_phraya_2024,W1-event,Flood event window 2024,2024-09-25,2024-11-15,80,True,2024-10-22,40.4,100.0,25.2,1
AOI-06,chao_phraya_rangsit,P3,chao_phraya_2024,W1-event,Flood event window 2024,2024-09-25,2024-11-15,80,True,2024-10-27,98.8,100.0,82.8,1
AOI-06,chao_phraya_rangsit,P3,chao_phraya_2024,W1-event,Flood event window 2024,2024-09-25,2024-11-15,80,True,2024-11-01,25.8,100.0,6.8,1
AOI-06,chao_phraya_rangsit,P3,chao_phraya_2024,W1-event,Flood event window 2024,2024-09-25,2024-11-15,80,True,2024-11-06,100.0,100.0,95.7,1
AOI-06,chao_phraya_rangsit,P3,chao_phraya_2024,W1-event,Flood event window 2024,2024-09-25,2024-11-15,80,True,2024-11-11,0.8,100.0,0.1,1
AOI-06,chao_phraya_rangsit,P3,chao_phraya_2024,W1-event,Flood event window 2024,2024-09-25,2024-11-15,80,False,2024-11-16,15.4,100.0,15.3,1
AOI-06,chao_phraya_rangsit,P3,chao_phraya_2024,W1-event,Flood event window 2024,2024-09-25,2024-11-15,80,False,2024-11-21,0.8,100.0,62.5,1
AOI-06,chao_phraya_rangsit,P3,chao_phraya_2024,W1-event,Flood event window 2024,2024-09-25,2024-11-15,80,False,2024-11-26,5.4,100.0,13.5,1
AOI-06,chao_phraya_rangsit,P3,chao_phraya_2024,W2-event,Flood event window 2025,2025-09-20,2025-11-10,80,False,2025-09-07,98.6,100.0,96.8,1
AOI-06,chao_phraya_rangsit,P3,chao_phraya_2024,W2-event,Flood event window 2025,2025-09-20,2025-11-10,80,False,2025-09-12,100.0,100.0,96.1,1
AOI-06,chao_phraya_rangsit,P3,chao_phraya_2024,W2-event,Flood event window 2025,2025-09-20,2025-11-10,80,False,2025-09-14,100.0,100.0,100.0,1
AOI-06,chao_phraya_rangsit,P3,chao_phraya_2024,W2-event,Flood event window 2025,2025-09-20,2025-11-10,80,False,2025-09-17,100.0,100.0,76.1,1
AOI-06,chao_phraya_rangsit,P3,chao_phraya_2024,W2-event,Flood event window 2025,2025-09-20,2025-11-10,80,True,2025-09-22,100.0,100.0,98.2,1
AOI-06,chao_phraya_rangsit,P3,chao_phraya_2024,W2-event,Flood event window 2025,2025-09-20,2025-11-10,80,True,2025-09-27,100.0,100.0,100.0,1
AOI-06,chao_phraya_rangsit,P3,chao_phraya_2024,W2-event,Flood event window 2025,2025-09-20,2025-11-10,80,True,2025-10-02,20.0,100.0,42.1,1
AOI-06,chao_phraya_rangsit,P3,chao_phraya_2024,W2-event,Flood event window 2025,2025-09-20,2025-11-10,80,True,2025-10-04,95.0,100.0,82.4,1
AOI-06,chao_phraya_rangsit,P3,chao_phraya_2024,W2-event,Flood event window 2025,2025-09-20,2025-11-10,80,True,2025-10-07,79.7,100.0,75.1,1
AOI-06,chao_phraya_rangsit,P3,chao_phraya_2024,W2-event,Flood event window 2025,2025-09-20,2025-11-10,80,True,2025-10-12,64.3,100.0,85.2,1
AOI-06,chao_phraya_rangsit,P3,chao_phraya_2024,W2-event,Flood event window 2025,2025-09-20,2025-11-10,80,True,2025-10-17,70.9,100.0,47.4,1
AOI-06,chao_phraya_rangsit,P3,chao_phraya_2024,W2-event,Flood event window 2025,2025-09-20,2025-11-10,80,True,2025-10-22,17.5,100.0,52.3,1
AOI-06,chao_phraya_rangsit,P3,chao_phraya_2024,W2-event,Flood event window 2025,2025-09-20,2025-11-10,80,True,2025-10-24,39.5,100.0,79.7,1
AOI-06,chao_phraya_rangsit,P3,chao_phraya_2024,W2-event,Flood event window 2025,2025-09-20,2025-11-10,80,True,2025-10-27,99.7,100.0,84.2,1
AOI-06,chao_phraya_rangsit,P3,chao_phraya_2024,W2-event,Flood event window 2025,2025-09-20,2025-11-10,80,True,2025-11-01,97.7,100.0,94.3,1
AOI-06,chao_phraya_rangsit,P3,chao_phraya_2024,W2-event,Flood event window 2025,2025-09-20,2025-11-10,80,True,2025-11-06,96.5,100.0,88.0,1
AOI-06,chao_phraya_rangsit,P3,chao_phraya_2024,W2-event,Flood event window 2025,2025-09-20,2025-11-10,80,False,2025-11-11,97.7,100.0,69.2,1
AOI-06,chao_phraya_rangsit,P3,chao_phraya_2024,W2-event,Flood event window 2025,2025-09-20,2025-11-10,80,False,2025-11-13,88.0,100.0,88.7,1
AOI-06,chao_phraya_rangsit,P3,chao_phraya_2024,W2-event,Flood event window 2025,2025-09-20,2025-11-10,80,False,2025-11-16,3.4,100.0,16.9,1
AOI-06,chao_phraya_rangsit,P3,chao_phraya_2024,W2-event,Flood event window 2025,2025-09-20,2025-11-10,80,False,2025-11-21,100.0,100.0,81.8,1
AOI-06,chao_phraya_rangsit,P3,chao_phraya_2024,W3-dry,Dry-season clear baseline,2025-01-01,2025-03-31,10,True,2025-01-05,0.9,100.0,15.3,1
AOI-06,chao_phraya_rangsit,P3,chao_phraya_2024,W3-dry,Dry-season clear baseline,2025-01-01,2025-03-31,10,True,2025-01-10,0.5,100.0,0.0,1
AOI-06,chao_phraya_rangsit,P3,chao_phraya_2024,W3-dry,Dry-season clear baseline,2025-01-01,2025-03-31,10,True,2025-01-15,0.4,100.0,0.0,1
AOI-06,chao_phraya_rangsit,P3,chao_phraya_2024,W3-dry,Dry-season clear baseline,2025-01-01,2025-03-31,10,True,2025-01-20,0.3,100.0,36.4,1
AOI-06,chao_phraya_rangsit,P3,chao_phraya_2024,W3-dry,Dry-season clear baseline,2025-01-01,2025-03-31,10,True,2025-01-25,0.3,100.0,19.0,1
AOI-06,chao_phraya_rangsit,P3,chao_phraya_2024,W3-dry,Dry-season clear baseline,2025-01-01,2025-03-31,10,True,2025-01-30,29.9,100.0,43.3,1
AOI-06,chao_phraya_rangsit,P3,chao_phraya_2024,W3-dry,Dry-season clear baseline,2025-01-01,2025-03-31,10,True,2025-02-04,0.1,100.0,51.0,1
AOI-06,chao_phraya_rangsit,P3,chao_phraya_2024,W3-dry,Dry-season clear baseline,2025-01-01,2025-03-31,10,True,2025-02-09,3.9,100.0,2.6,1
AOI-06,chao_phraya_rangsit,P3,chao_phraya_2024,W3-dry,Dry-season clear baseline,2025-01-01,2025-03-31,10,True,2025-02-14,0.2,100.0,4.2,1
AOI-06,chao_phraya_rangsit,P3,chao_phraya_2024,W3-dry,Dry-season clear baseline,2025-01-01,2025-03-31,10,True,2025-02-19,0.1,100.0,46.3,1
AOI-06,chao_phraya_rangsit,P3,chao_phraya_2024,W3-dry,Dry-season clear baseline,2025-01-01,2025-03-31,10,True,2025-02-24,100.0,100.0,99.9,1
AOI-06,chao_phraya_rangsit,P3,chao_phraya_2024,W3-dry,Dry-season clear baseline,2025-01-01,2025-03-31,10,True,2025-03-01,28.6,100.0,15.8,1
AOI-06,chao_phraya_rangsit,P3,chao_phraya_2024,W3-dry,Dry-season clear baseline,2025-01-01,2025-03-31,10,True,2025-03-06,11.6,100.0,15.6,1
AOI-06,chao_phraya_rangsit,P3,chao_phraya_2024,W3-dry,Dry-season clear baseline,2025-01-01,2025-03-31,10,True,2025-03-11,80.9,100.0,48.2,1
AOI-06,chao_phraya_rangsit,P3,chao_phraya_2024,W3-dry,Dry-season clear baseline,2025-01-01,2025-03-31,10,True,2025-03-16,34.1,100.0,16.7,1
AOI-06,chao_phraya_rangsit,P3,chao_phraya_2024,W3-dry,Dry-season clear baseline,2025-01-01,2025-03-31,10,True,2025-03-18,62.9,100.0,53.2,1
AOI-06,chao_phraya_rangsit,P3,chao_phraya_2024,W3-dry,Dry-season clear baseline,2025-01-01,2025-03-31,10,True,2025-03-21,100.0,100.0,95.5,1
AOI-06,chao_phraya_rangsit,P3,chao_phraya_2024,W3-dry,Dry-season clear baseline,2025-01-01,2025-03-31,10,True,2025-03-26,80.2,100.0,40.1,1
AOI-06,chao_phraya_rangsit,P3,chao_phraya_2024,W3-dry,Dry-season clear baseline,2025-01-01,2025-03-31,10,True,2025-03-31,100.0,100.0,100.0,1
